FECHA_CORTE,UBIGEO,ANIO,DEPARTAMENTO,PROVINCIA,FECHA_UTC,ESTE,NORTE,VERTICAL,VOLCAN
20250424,1802,2023,MOQUEGUA,GENERAL SANCHEZ CERRO,20231001,0,0,0,UBINAS
20250424,1802,2023,MOQUEGUA,GENERAL SANCHEZ CERRO,20231002,-0.17,-0.24,0.03,UBINAS
20250424,1802,2023,MOQUEGUA,GENERAL SANCHEZ CERRO,20231003,-0.25,-0.1,-0.18,UBINAS
20250424,1802,2023,MOQUEGUA,GENERAL SANCHEZ CERRO,20231004,0.01,-0.12,-0.25,UBINAS
20250424,1802,2023,MOQUEGUA,GENERAL SANCHEZ CERRO,20231005,-0.33,-0.34,0.32,UBINAS
20250424,1802,2023,MOQUEGUA,GENERAL SANCHEZ CERRO,20231006,-0.12,-0.15,-0.31,UBINAS
20250424,1802,2023,MOQUEGUA,GENERAL SANCHEZ CERRO,20231007,-0.17,-0.24,-0.34,UBINAS
20250424,1802,2023,MOQUEGUA,GENERAL SANCHEZ CERRO,20231008,0.01,-0.31,0.41,UBINAS
20250424,1802,2023,MOQUEGUA,GENERAL SANCHEZ CERRO,20231009,-0.24,-0.35,0.45,UBINAS
20250424,1802,2023,MOQUEGUA,GENERAL SANCHEZ CERRO,20231010,-0.01,-0.28,0.12,UBINAS
20250424,1802,2023,MOQUEGUA,GENERAL SANCHEZ CERRO,20231011,0.11,-0.23,-0.48,UBINAS
20250424,1802,2023,MOQUEGUA,GENERAL SANCHEZ CERRO,20231012,0.04,-0.27,-0.02,UBINAS
20250424,1802,2023,MOQUEGUA,GENERAL SANCHEZ CERRO,20231013,-0.09,-0.48,0.32,UBINAS
20250424,1802,2023,MOQUEGUA,GENERAL SANCHEZ CERRO,20231014,-0.04,-0.27,0.09,UBINAS
20250424,1802,2023,MOQUEGUA,GENERAL SANCHEZ CERRO,20231015,-0.21,-0.22,-0.28,UBINAS
20250424,1802,2023,MOQUEGUA,GENERAL SANCHEZ CERRO,20231016,0.19,-0.28,0.07,UBINAS
20250424,1802,2023,MOQUEGUA,GENERAL SANCHEZ CERRO,20231017,0.09,-0.37,0.35,UBINAS
20250424,1802,2023,MOQUEGUA,GENERAL SANCHEZ CERRO,20231018,0.01,-0.41,0.58,UBINAS
20250424,1802,2023,MOQUEGUA,GENERAL SANCHEZ CERRO,20231019,0.01,-0.36,0.22,UBINAS
20250424,1802,2023,MOQUEGUA,GENERAL SANCHEZ CERRO,20231020,-0.05,-0.38,-0.04,UBINAS
20250424,1802,2023,MOQUEGUA,GENERAL SANCHEZ CERRO,20231021,0.18,-0.23,-1.01,UBINAS
20250424,1802,2023,MOQUEGUA,GENERAL SANCHEZ CERRO,20231022,0.03,-0.26,0,UBINAS
20250424,1802,2023,MOQUEGUA,GENERAL SANCHEZ CERRO,20231023,0.06,-0.27,-0.17,UBINAS
20250424,1802,2023,MOQUEGUA,GENERAL SANCHEZ CERRO,20231024,0.04,-0.49,-0.39,UBINAS
20250424,1802,2023,MOQUEGUA,GENERAL SANCHEZ CERRO,20231025,0.12,-0.35,-0.36,UBINAS
20250424,1802,2023,MOQUEGUA,GENERAL SANCHEZ CERRO,20231026,0.09,-0.43,0.18,UBINAS
20250424,1802,2023,MOQUEGUA,GENERAL SANCHEZ CERRO,20231027,0.2,-0.28,0.25,UBINAS
20250424,1802,2023,MOQUEGUA,GENERAL SANCHEZ CERRO,20231028,-0.01,-0.55,-0.37,UBINAS
20250424,1802,2023,MOQUEGUA,GENERAL SANCHEZ CERRO,20231029,-0.03,-0.46,0.45,UBINAS
20250424,1802,2023,MOQUEGUA,GENERAL SANCHEZ CERRO,20231030,-0.08,-0.51,0.2,UBINAS
20250424,1802,2023,MOQUEGUA,GENERAL SANCHEZ CERRO,20231031,0.03,-0.44,0.25,UBINAS
20250424,1802,2023,MOQUEGUA,GENERAL SANCHEZ CERRO,20231101,-0.09,-0.47,0.47,UBINAS
20250424,1802,2023,MOQUEGUA,GENERAL SANCHEZ CERRO,20231102,0.01,-0.38,0.06,UBINAS
20250424,1802,2023,MOQUEGUA,GENERAL SANCHEZ CERRO,20231103,0.07,-0.29,0.39,UBINAS
20250424,1802,2023,MOQUEGUA,GENERAL SANCHEZ CERRO,20231104,-0.01,-0.29,0.84,UBINAS
20250424,1802,2023,MOQUEGUA,GENERAL SANCHEZ CERRO,20231105,0.1,-0.31,0.03,UBINAS
20250424,1802,2023,MOQUEGUA,GENERAL SANCHEZ CERRO,20231106,0.04,-0.37,0.79,UBINAS
20250424,1802,2023,MOQUEGUA,GENERAL SANCHEZ CERRO,20231107,-0.1,-0.34,-0.12,UBINAS
20250424,1802,2023,MOQUEGUA,GENERAL SANCHEZ CERRO,20231108,-0.1,-0.29,-0.88,UBINAS
20250424,1802,2023,MOQUEGUA,GENERAL SANCHEZ CERRO,20231109,-0.01,-0.28,-0.39,UBINAS
20250424,1802,2023,MOQUEGUA,GENERAL SANCHEZ CERRO,20231110,0.11,-0.27,-0.08,UBINAS
20250424,1802,2023,MOQUEGUA,GENERAL SANCHEZ CERRO,20231111,0.08,-0.43,0.33,UBINAS
20250424,1802,2023,MOQUEGUA,GENERAL SANCHEZ CERRO,20231112,-0.06,-0.49,0.21,UBINAS
20250424,1802,2023,MOQUEGUA,GENERAL SANCHEZ CERRO,20231113,-0.22,-0.37,0.2,UBINAS
20250424,1802,2023,MOQUEGUA,GENERAL SANCHEZ CERRO,20231114,0.07,-0.31,-0.07,UBINAS
20250424,1802,2023,MOQUEGUA,GENERAL SANCHEZ CERRO,20231115,0.1,-0.44,0.36,UBINAS
20250424,1802,2023,MOQUEGUA,GENERAL SANCHEZ CERRO,20231116,-0.07,-0.37,0.09,UBINAS
20250424,1802,2023,MOQUEGUA,GENERAL SANCHEZ CERRO,20231117,-0.15,-0.3,0.18,UBINAS
20250424,1802,2023,MOQUEGUA,GENERAL SANCHEZ CERRO,20231118,0.04,-0.41,0.23,UBINAS
20250424,1802,2023,MOQUEGUA,GENERAL SANCHEZ CERRO,20231119,0.02,-0.16,-0.19,UBINAS
20250424,1802,2023,MOQUEGUA,GENERAL SANCHEZ CERRO,20231120,0.05,-0.36,0.34,UBINAS
20250424,1802,2023,MOQUEGUA,GENERAL SANCHEZ CERRO,20231121,0.01,-0.34,-0.59,UBINAS
20250424,1802,2023,MOQUEGUA,GENERAL SANCHEZ CERRO,20231122,0.06,-0.41,0.07,UBINAS
20250424,1802,2023,MOQUEGUA,GENERAL SANCHEZ CERRO,20231123,0.06,-0.22,0.27,UBINAS
20250424,1802,2023,MOQUEGUA,GENERAL SANCHEZ CERRO,20231124,0.01,-0.72,0.4,UBINAS
20250424,1802,2023,MOQUEGUA,GENERAL SANCHEZ CERRO,20231125,0.07,-0.43,-0.65,UBINAS
20250424,1802,2023,MOQUEGUA,GENERAL SANCHEZ CERRO,20231126,0.13,-0.45,0.18,UBINAS
20250424,1802,2023,MOQUEGUA,GENERAL SANCHEZ CERRO,20231127,-0.01,-0.5,0.01,UBINAS
20250424,1802,2023,MOQUEGUA,GENERAL SANCHEZ CERRO,20231128,-0.02,-0.39,0.02,UBINAS
20250424,1802,2023,MOQUEGUA,GENERAL SANCHEZ CERRO,20231129,0.14,-0.48,0.05,UBINAS
20250424,1802,2023,MOQUEGUA,GENERAL SANCHEZ CERRO,20231130,0.04,-0.56,0.82,UBINAS
20250424,1802,2023,MOQUEGUA,GENERAL SANCHEZ CERRO,20231201,0.26,-0.28,0.34,UBINAS
20250424,1802,2023,MOQUEGUA,GENERAL SANCHEZ CERRO,20231202,0.19,-0.34,0.13,UBINAS
20250424,1802,2023,MOQUEGUA,GENERAL SANCHEZ CERRO,20231203,0.06,-0.49,0.1,UBINAS
20250424,1802,2023,MOQUEGUA,GENERAL SANCHEZ CERRO,20231204,-0.06,-0.46,-0.02,UBINAS
20250424,1802,2023,MOQUEGUA,GENERAL SANCHEZ CERRO,20231205,0.04,-0.63,0.07,UBINAS
20250424,1802,2023,MOQUEGUA,GENERAL SANCHEZ CERRO,20231206,0.06,-0.43,-0.05,UBINAS
20250424,1802,2023,MOQUEGUA,GENERAL SANCHEZ CERRO,20231207,0.05,-0.67,0.12,UBINAS
20250424,1802,2023,MOQUEGUA,GENERAL SANCHEZ CERRO,20231208,0.18,-0.59,-0.13,UBINAS
20250424,1802,2023,MOQUEGUA,GENERAL SANCHEZ CERRO,20231209,0.06,-0.41,-0.03,UBINAS
20250424,1802,2023,MOQUEGUA,GENERAL SANCHEZ CERRO,20231210,0.15,-0.44,0.28,UBINAS
20250424,1802,2023,MOQUEGUA,GENERAL SANCHEZ CERRO,20231211,0.05,-0.5,0.06,UBINAS
20250424,1802,2023,MOQUEGUA,GENERAL SANCHEZ CERRO,20231212,0.03,-0.41,-0.05,UBINAS
20250424,1802,2023,MOQUEGUA,GENERAL SANCHEZ CERRO,20231213,-0.04,-0.18,-0.06,UBINAS
20250424,1802,2023,MOQUEGUA,GENERAL SANCHEZ CERRO,20231214,0.11,-0.56,0.6,UBINAS
20250424,1802,2023,MOQUEGUA,GENERAL SANCHEZ CERRO,20231215,0.15,-0.5,-0.07,UBINAS
20250424,1802,2023,MOQUEGUA,GENERAL SANCHEZ CERRO,20231216,0.07,-0.34,-0.32,UBINAS
20250424,1802,2023,MOQUEGUA,GENERAL SANCHEZ CERRO,20231217,0.02,-0.43,0.69,UBINAS
20250424,1802,2023,MOQUEGUA,GENERAL SANCHEZ CERRO,20231218,0.02,-0.45,-0.28,UBINAS
20250424,1802,2023,MOQUEGUA,GENERAL SANCHEZ CERRO,20231219,0.15,-0.63,-0.47,UBINAS
20250424,1802,2023,MOQUEGUA,GENERAL SANCHEZ CERRO,20231220,0.06,-0.35,0.08,UBINAS
20250424,1802,2023,MOQUEGUA,GENERAL SANCHEZ CERRO,20231221,0.1,-0.44,0.07,UBINAS
20250424,1802,2023,MOQUEGUA,GENERAL SANCHEZ CERRO,20231222,0.16,-0.38,0.69,UBINAS
20250424,1802,2023,MOQUEGUA,GENERAL SANCHEZ CERRO,20231223,0.2,-0.72,0.02,UBINAS
20250424,1802,2023,MOQUEGUA,GENERAL SANCHEZ CERRO,20231224,0.12,-0.57,0.5,UBINAS
20250424,1802,2023,MOQUEGUA,GENERAL SANCHEZ CERRO,20231225,0.12,-0.58,0.42,UBINAS
20250424,1802,2023,MOQUEGUA,GENERAL SANCHEZ CERRO,20231226,0.21,-0.5,0.35,UBINAS
20250424,1802,2023,MOQUEGUA,GENERAL SANCHEZ CERRO,20231227,0.01,-0.29,-0.89,UBINAS
20250424,1802,2023,MOQUEGUA,GENERAL SANCHEZ CERRO,20231228,0.16,-0.28,-0.14,UBINAS
20250424,1802,2023,MOQUEGUA,GENERAL SANCHEZ CERRO,20231229,-0.04,-0.41,0.25,UBINAS
20250424,1802,2023,MOQUEGUA,GENERAL SANCHEZ CERRO,20231230,0.01,-0.38,0.49,UBINAS
20250424,1802,2023,MOQUEGUA,GENERAL SANCHEZ CERRO,20231231,0.02,-0.15,0.02,UBINAS
20250424,1802,2024,MOQUEGUA,GENERAL SANCHEZ CERRO,20240101,0.15,-0.4,0.23,UBINAS
20250424,1802,2024,MOQUEGUA,GENERAL SANCHEZ CERRO,20240102,0.15,-0.43,0.02,UBINAS
20250424,1802,2024,MOQUEGUA,GENERAL SANCHEZ CERRO,20240103,0.17,-0.27,-0.26,UBINAS
20250424,1802,2024,MOQUEGUA,GENERAL SANCHEZ CERRO,20240104,0.04,-0.18,-0.93,UBINAS
20250424,1802,2024,MOQUEGUA,GENERAL SANCHEZ CERRO,20240105,-0.03,-0.35,0.17,UBINAS
20250424,1802,2024,MOQUEGUA,GENERAL SANCHEZ CERRO,20240106,0.26,-0.51,0.41,UBINAS
20250424,1802,2024,MOQUEGUA,GENERAL SANCHEZ CERRO,20240107,0.08,-0.29,-0.04,UBINAS
20250424,1802,2024,MOQUEGUA,GENERAL SANCHEZ CERRO,20240108,-0.01,-0.32,0.29,UBINAS
20250424,1802,2024,MOQUEGUA,GENERAL SANCHEZ CERRO,20240109,-0.02,-0.39,0.14,UBINAS
20250424,1802,2024,MOQUEGUA,GENERAL SANCHEZ CERRO,20240110,0.08,-0.26,-0.65,UBINAS
20250424,1802,2024,MOQUEGUA,GENERAL SANCHEZ CERRO,20240111,-0.06,-0.51,1.09,UBINAS
20250424,1802,2024,MOQUEGUA,GENERAL SANCHEZ CERRO,20240112,0.27,-0.58,0.22,UBINAS
20250424,1802,2024,MOQUEGUA,GENERAL SANCHEZ CERRO,20240113,0.22,-0.47,0.04,UBINAS
20250424,1802,2024,MOQUEGUA,GENERAL SANCHEZ CERRO,20240114,0.05,-0.3,0.2,UBINAS
20250424,1802,2024,MOQUEGUA,GENERAL SANCHEZ CERRO,20240115,0.26,-0.51,0.87,UBINAS
20250424,1802,2024,MOQUEGUA,GENERAL SANCHEZ CERRO,20240116,0.07,-0.48,-1.03,UBINAS
20250424,1802,2024,MOQUEGUA,GENERAL SANCHEZ CERRO,20240117,0.36,-0.35,-0.01,UBINAS
20250424,1802,2024,MOQUEGUA,GENERAL SANCHEZ CERRO,20240118,0.13,-0.4,-1.07,UBINAS
20250424,1802,2024,MOQUEGUA,GENERAL SANCHEZ CERRO,20240119,-0.19,-0.23,-1.16,UBINAS
20250424,1802,2024,MOQUEGUA,GENERAL SANCHEZ CERRO,20240120,0.41,-0.46,-0.14,UBINAS
20250424,1802,2024,MOQUEGUA,GENERAL SANCHEZ CERRO,20240121,0.21,-0.31,-0.23,UBINAS
20250424,1802,2024,MOQUEGUA,GENERAL SANCHEZ CERRO,20240122,-0.15,-0.27,-0.12,UBINAS
20250424,1802,2024,MOQUEGUA,GENERAL SANCHEZ CERRO,20240123,-0.13,-0.23,0.49,UBINAS
20250424,1802,2024,MOQUEGUA,GENERAL SANCHEZ CERRO,20240124,-0.08,-0.33,-0.02,UBINAS
20250424,1802,2024,MOQUEGUA,GENERAL SANCHEZ CERRO,20240125,0.24,-0.51,0.51,UBINAS
20250424,1802,2024,MOQUEGUA,GENERAL SANCHEZ CERRO,20240126,0.1,-0.4,-0.05,UBINAS
20250424,1802,2024,MOQUEGUA,GENERAL SANCHEZ CERRO,20240127,-0.18,-0.5,0.03,UBINAS
20250424,1802,2024,MOQUEGUA,GENERAL SANCHEZ CERRO,20240128,-0.08,-0.43,0.29,UBINAS
20250424,1802,2024,MOQUEGUA,GENERAL SANCHEZ CERRO,20240129,0.11,-0.59,0.67,UBINAS
20250424,1802,2024,MOQUEGUA,GENERAL SANCHEZ CERRO,20240130,-0.37,-0.81,0.23,UBINAS
20250424,1802,2024,MOQUEGUA,GENERAL SANCHEZ CERRO,20240131,0.19,-0.43,-0.14,UBINAS
20250424,1802,2024,MOQUEGUA,GENERAL SANCHEZ CERRO,20240201,0.04,-0.56,0.24,UBINAS
20250424,1802,2024,MOQUEGUA,GENERAL SANCHEZ CERRO,20240202,0.33,-0.63,0.29,UBINAS
20250424,1802,2024,MOQUEGUA,GENERAL SANCHEZ CERRO,20240203,0.14,-0.69,0.38,UBINAS
20250424,1802,2024,MOQUEGUA,GENERAL SANCHEZ CERRO,20240204,0.1,-0.48,0.58,UBINAS
20250424,1802,2024,MOQUEGUA,GENERAL SANCHEZ CERRO,20240205,-0.63,-0.94,-0.62,UBINAS
20250424,1802,2024,MOQUEGUA,GENERAL SANCHEZ CERRO,20240206,-0.37,-0.71,-0.12,UBINAS
20250424,1802,2024,MOQUEGUA,GENERAL SANCHEZ CERRO,20240207,-0.53,-0.7,0.06,UBINAS
20250424,1802,2024,MOQUEGUA,GENERAL SANCHEZ CERRO,20240208,0.21,-0.62,0.22,UBINAS
20250424,1802,2024,MOQUEGUA,GENERAL SANCHEZ CERRO,20240209,0.25,-0.58,-0.25,UBINAS
20250424,1802,2024,MOQUEGUA,GENERAL SANCHEZ CERRO,20240210,-0.57,-0.94,0.44,UBINAS
20250424,1802,2024,MOQUEGUA,GENERAL SANCHEZ CERRO,20240211,-0.59,-1,-0.08,UBINAS
20250424,1802,2024,MOQUEGUA,GENERAL SANCHEZ CERRO,20240212,0.3,-0.58,0.08,UBINAS
20250424,1802,2024,MOQUEGUA,GENERAL SANCHEZ CERRO,20240213,-0.45,-1.22,0.46,UBINAS
20250424,1802,2024,MOQUEGUA,GENERAL SANCHEZ CERRO,20240214,-0.2,-1.02,0.37,UBINAS
20250424,1802,2024,MOQUEGUA,GENERAL SANCHEZ CERRO,20240215,0.32,-0.52,-0.07,UBINAS
20250424,1802,2024,MOQUEGUA,GENERAL SANCHEZ CERRO,20240216,0.03,-0.44,-1.02,UBINAS
20250424,1802,2024,MOQUEGUA,GENERAL SANCHEZ CERRO,20240217,0.08,-0.48,-0.16,UBINAS
20250424,1802,2024,MOQUEGUA,GENERAL SANCHEZ CERRO,20240218,0.12,-0.18,-0.62,UBINAS
20250424,1802,2024,MOQUEGUA,GENERAL SANCHEZ CERRO,20240219,0.16,-0.37,-0.27,UBINAS
20250424,1802,2024,MOQUEGUA,GENERAL SANCHEZ CERRO,20240220,0.13,-0.42,0.73,UBINAS
20250424,1802,2024,MOQUEGUA,GENERAL SANCHEZ CERRO,20240221,0.11,-0.42,0.45,UBINAS
20250424,1802,2024,MOQUEGUA,GENERAL SANCHEZ CERRO,20240222,0.17,-0.49,-0.14,UBINAS
20250424,1802,2024,MOQUEGUA,GENERAL SANCHEZ CERRO,20240223,-0.12,-0.57,-0.11,UBINAS
20250424,1802,2024,MOQUEGUA,GENERAL SANCHEZ CERRO,20240224,0.21,-0.36,-0.4,UBINAS
20250424,1802,2024,MOQUEGUA,GENERAL SANCHEZ CERRO,20240225,-0.19,-0.3,-0.42,UBINAS
20250424,1802,2024,MOQUEGUA,GENERAL SANCHEZ CERRO,20240226,-0.32,-0.33,-0.21,UBINAS
20250424,1802,2024,MOQUEGUA,GENERAL SANCHEZ CERRO,20240227,0.41,-0.47,-0.16,UBINAS
20250424,1802,2024,MOQUEGUA,GENERAL SANCHEZ CERRO,20240228,-0.1,-0.28,-0.09,UBINAS
20250424,1802,2024,MOQUEGUA,GENERAL SANCHEZ CERRO,20240229,-0.32,-0.56,-0.09,UBINAS
20250424,1802,2024,MOQUEGUA,GENERAL SANCHEZ CERRO,20240301,0.2,-0.02,-0.99,UBINAS
20250424,1802,2024,MOQUEGUA,GENERAL SANCHEZ CERRO,20240302,0.04,-0.2,-0.11,UBINAS
20250424,1802,2024,MOQUEGUA,GENERAL SANCHEZ CERRO,20240303,0.11,-0.49,0.26,UBINAS
20250424,1802,2024,MOQUEGUA,GENERAL SANCHEZ CERRO,20240304,-0.1,-0.56,-0.14,UBINAS
20250424,1802,2024,MOQUEGUA,GENERAL SANCHEZ CERRO,20240305,-0.15,-0.61,-0.61,UBINAS
20250424,1802,2024,MOQUEGUA,GENERAL SANCHEZ CERRO,20240314,-1.07,0.03,-2.93,UBINAS
20250424,1802,2024,MOQUEGUA,GENERAL SANCHEZ CERRO,20240503,-0.22,-0.41,-0.23,UBINAS
20250424,1802,2024,MOQUEGUA,GENERAL SANCHEZ CERRO,20240504,0.07,-0.28,-0.15,UBINAS
20250424,1802,2024,MOQUEGUA,GENERAL SANCHEZ CERRO,20240505,0.06,-0.13,-0.4,UBINAS
20250424,1802,2024,MOQUEGUA,GENERAL SANCHEZ CERRO,20240506,0.07,-0.32,-0.08,UBINAS
20250424,1802,2024,MOQUEGUA,GENERAL SANCHEZ CERRO,20240507,0.25,-0.18,-0.39,UBINAS
20250424,1802,2024,MOQUEGUA,GENERAL SANCHEZ CERRO,20240508,0.11,-0.23,-0.56,UBINAS
20250424,1802,2024,MOQUEGUA,GENERAL SANCHEZ CERRO,20240509,0.05,-0.2,-0.28,UBINAS
20250424,1802,2024,MOQUEGUA,GENERAL SANCHEZ CERRO,20240510,-0.07,-0.14,-0.6,UBINAS
20250424,1802,2024,MOQUEGUA,GENERAL SANCHEZ CERRO,20240511,-0.07,-0.26,0.13,UBINAS
20250424,1802,2024,MOQUEGUA,GENERAL SANCHEZ CERRO,20240512,0.07,-0.14,-0.07,UBINAS
20250424,1802,2024,MOQUEGUA,GENERAL SANCHEZ CERRO,20240513,-0.03,-0.08,-0.45,UBINAS
20250424,1802,2024,MOQUEGUA,GENERAL SANCHEZ CERRO,20240514,-0.22,-0.25,-0.54,UBINAS
20250424,1802,2024,MOQUEGUA,GENERAL SANCHEZ CERRO,20240515,0.15,-0.27,-0.13,UBINAS
20250424,1802,2024,MOQUEGUA,GENERAL SANCHEZ CERRO,20240516,0.16,-0.2,-0.11,UBINAS
20250424,1802,2024,MOQUEGUA,GENERAL SANCHEZ CERRO,20240517,0.01,-0.14,-0.39,UBINAS
20250424,1802,2024,MOQUEGUA,GENERAL SANCHEZ CERRO,20240518,0.06,-0.16,0.05,UBINAS
20250424,1802,2024,MOQUEGUA,GENERAL SANCHEZ CERRO,20240519,0.08,-0.11,-0.53,UBINAS
20250424,1802,2024,MOQUEGUA,GENERAL SANCHEZ CERRO,20240520,0.13,-0.31,-0.22,UBINAS
20250424,1802,2024,MOQUEGUA,GENERAL SANCHEZ CERRO,20240521,0.24,-0.07,-0.44,UBINAS
20250424,1802,2024,MOQUEGUA,GENERAL SANCHEZ CERRO,20240522,0.2,-0.17,-0.49,UBINAS
20250424,1802,2024,MOQUEGUA,GENERAL SANCHEZ CERRO,20240523,0.05,-0.18,-0.3,UBINAS
20250424,1802,2024,MOQUEGUA,GENERAL SANCHEZ CERRO,20240524,0.17,-0.18,-0.72,UBINAS
20250424,1802,2024,MOQUEGUA,GENERAL SANCHEZ CERRO,20240525,0.11,-0.1,-0.22,UBINAS
20250424,1802,2024,MOQUEGUA,GENERAL SANCHEZ CERRO,20240526,0.29,-0.31,-0.81,UBINAS
20250424,1802,2024,MOQUEGUA,GENERAL SANCHEZ CERRO,20240527,0.28,-0.23,-0.42,UBINAS
20250424,1802,2024,MOQUEGUA,GENERAL SANCHEZ CERRO,20240528,0.23,-0.2,-0.17,UBINAS
20250424,1802,2024,MOQUEGUA,GENERAL SANCHEZ CERRO,20240529,0.26,-0.08,-0.51,UBINAS
20250424,1802,2024,MOQUEGUA,GENERAL SANCHEZ CERRO,20240530,0.28,-0.1,-0.54,UBINAS
20250424,1802,2024,MOQUEGUA,GENERAL SANCHEZ CERRO,20240531,0.32,-0.03,-0.53,UBINAS
20250424,1802,2024,MOQUEGUA,GENERAL SANCHEZ CERRO,20240601,0.21,-0.06,-0.53,UBINAS
20250424,1802,2024,MOQUEGUA,GENERAL SANCHEZ CERRO,20240602,0.14,-0.06,-0.75,UBINAS
20250424,1802,2024,MOQUEGUA,GENERAL SANCHEZ CERRO,20240603,0.1,-0.1,-0.86,UBINAS
20250424,1802,2024,MOQUEGUA,GENERAL SANCHEZ CERRO,20240604,0.32,-0.15,-0.72,UBINAS
20250424,1802,2024,MOQUEGUA,GENERAL SANCHEZ CERRO,20240605,0.25,-0.02,-0.97,UBINAS
20250424,1802,2024,MOQUEGUA,GENERAL SANCHEZ CERRO,20240606,0,-0.17,-0.54,UBINAS
20250424,1802,2024,MOQUEGUA,GENERAL SANCHEZ CERRO,20240607,0.19,-0.02,-0.98,UBINAS
20250424,1802,2024,MOQUEGUA,GENERAL SANCHEZ CERRO,20240608,0.21,-0.08,-0.79,UBINAS
20250424,1802,2024,MOQUEGUA,GENERAL SANCHEZ CERRO,20240609,0,-0.23,-0.64,UBINAS
20250424,1802,2024,MOQUEGUA,GENERAL SANCHEZ CERRO,20240610,0.27,-0.17,-0.65,UBINAS
20250424,1802,2024,MOQUEGUA,GENERAL SANCHEZ CERRO,20240611,0.16,-0.21,-0.92,UBINAS
20250424,1802,2024,MOQUEGUA,GENERAL SANCHEZ CERRO,20240612,0.22,-0.1,-0.8,UBINAS
20250424,1802,2024,MOQUEGUA,GENERAL SANCHEZ CERRO,20240613,0.02,-0.1,-0.38,UBINAS
20250424,1802,2024,MOQUEGUA,GENERAL SANCHEZ CERRO,20240614,-0.16,-0.35,-0.84,UBINAS
20250424,1802,2024,MOQUEGUA,GENERAL SANCHEZ CERRO,20240615,-0.03,-0.34,-1.09,UBINAS
20250424,1802,2024,MOQUEGUA,GENERAL SANCHEZ CERRO,20240616,-0.23,-0.39,-0.62,UBINAS
20250424,1802,2024,MOQUEGUA,GENERAL SANCHEZ CERRO,20240617,-0.16,-0.44,-0.26,UBINAS
20250424,1802,2024,MOQUEGUA,GENERAL SANCHEZ CERRO,20240618,0.06,-0.17,-0.77,UBINAS
20250424,1802,2024,MOQUEGUA,GENERAL SANCHEZ CERRO,20240619,-0.21,-0.29,-0.83,UBINAS
20250424,1802,2024,MOQUEGUA,GENERAL SANCHEZ CERRO,20240620,-0.25,-0.37,-0.77,UBINAS
20250424,1802,2024,MOQUEGUA,GENERAL SANCHEZ CERRO,20240621,-0.25,-0.42,-1.06,UBINAS
20250424,1802,2024,MOQUEGUA,GENERAL SANCHEZ CERRO,20240622,0.19,-0.33,-0.65,UBINAS
20250424,1802,2024,MOQUEGUA,GENERAL SANCHEZ CERRO,20240623,0.14,-0.4,-0.96,UBINAS
20250424,1802,2024,MOQUEGUA,GENERAL SANCHEZ CERRO,20240624,-0.02,-0.32,-0.72,UBINAS
20250424,1802,2024,MOQUEGUA,GENERAL SANCHEZ CERRO,20240625,0.12,-0.26,-0.7,UBINAS
20250424,1802,2024,MOQUEGUA,GENERAL SANCHEZ CERRO,20240626,-0.12,-0.37,-0.63,UBINAS
20250424,1802,2024,MOQUEGUA,GENERAL SANCHEZ CERRO,20240627,0.01,-0.38,-0.65,UBINAS
20250424,1802,2024,MOQUEGUA,GENERAL SANCHEZ CERRO,20240628,-0.12,-0.32,-0.77,UBINAS
20250424,1802,2024,MOQUEGUA,GENERAL SANCHEZ CERRO,20240629,-0.03,-0.36,-0.92,UBINAS
20250424,1802,2024,MOQUEGUA,GENERAL SANCHEZ CERRO,20240630,0.05,-0.2,-0.44,UBINAS
20250424,1802,2024,MOQUEGUA,GENERAL SANCHEZ CERRO,20240701,0.19,-0.25,-0.57,UBINAS
20250424,1802,2024,MOQUEGUA,GENERAL SANCHEZ CERRO,20240702,0.03,-0.22,-0.45,UBINAS
20250424,1802,2024,MOQUEGUA,GENERAL SANCHEZ CERRO,20240703,-0.04,-0.28,-0.51,UBINAS
20250424,1802,2024,MOQUEGUA,GENERAL SANCHEZ CERRO,20240704,0.03,-0.28,-0.45,UBINAS
20250424,1802,2024,MOQUEGUA,GENERAL SANCHEZ CERRO,20240705,-0.07,-0.3,-0.59,UBINAS
20250424,1802,2024,MOQUEGUA,GENERAL SANCHEZ CERRO,20240706,-0.13,-0.4,-0.58,UBINAS
20250424,1802,2024,MOQUEGUA,GENERAL SANCHEZ CERRO,20240707,0.12,-0.48,-0.35,UBINAS
20250424,1802,2024,MOQUEGUA,GENERAL SANCHEZ CERRO,20240708,-0.08,-0.37,-0.6,UBINAS
20250424,1802,2024,MOQUEGUA,GENERAL SANCHEZ CERRO,20240709,-0.03,-0.42,-0.66,UBINAS
20250424,1802,2024,MOQUEGUA,GENERAL SANCHEZ CERRO,20240710,0.02,-0.49,-0.75,UBINAS
20250424,1802,2024,MOQUEGUA,GENERAL SANCHEZ CERRO,20240711,-0.1,-0.46,-0.55,UBINAS
20250424,1802,2024,MOQUEGUA,GENERAL SANCHEZ CERRO,20240712,-0.14,-0.37,-0.59,UBINAS
20250424,1802,2024,MOQUEGUA,GENERAL SANCHEZ CERRO,20240713,-0.08,-0.31,-1.07,UBINAS
20250424,1802,2024,MOQUEGUA,GENERAL SANCHEZ CERRO,20240714,-0.07,-0.35,-0.54,UBINAS
20250424,1802,2024,MOQUEGUA,GENERAL SANCHEZ CERRO,20240715,-0.02,-0.21,-0.68,UBINAS
20250424,1802,2024,MOQUEGUA,GENERAL SANCHEZ CERRO,20240716,0.05,-0.24,-0.78,UBINAS
20250424,1802,2024,MOQUEGUA,GENERAL SANCHEZ CERRO,20240717,0.1,-0.1,-0.87,UBINAS
20250424,1802,2024,MOQUEGUA,GENERAL SANCHEZ CERRO,20240718,0.13,-0.26,-0.46,UBINAS
20250424,1802,2024,MOQUEGUA,GENERAL SANCHEZ CERRO,20240719,0.02,-0.2,-0.77,UBINAS
20250424,1802,2024,MOQUEGUA,GENERAL SANCHEZ CERRO,20240720,-0.05,-0.35,-0.2,UBINAS
20250424,1802,2024,MOQUEGUA,GENERAL SANCHEZ CERRO,20240721,0.06,-0.33,-0.67,UBINAS
20250424,1802,2024,MOQUEGUA,GENERAL SANCHEZ CERRO,20240722,0.04,-0.52,-0.44,UBINAS
20250424,1802,2024,MOQUEGUA,GENERAL SANCHEZ CERRO,20240723,-0.21,-0.29,-0.41,UBINAS
20250424,1802,2024,MOQUEGUA,GENERAL SANCHEZ CERRO,20240724,0.01,-0.34,-0.82,UBINAS
20250424,1802,2024,MOQUEGUA,GENERAL SANCHEZ CERRO,20240725,0.08,-0.18,-0.59,UBINAS
20250424,1802,2024,MOQUEGUA,GENERAL SANCHEZ CERRO,20240726,-0.05,-0.3,-0.69,UBINAS
20250424,1802,2024,MOQUEGUA,GENERAL SANCHEZ CERRO,20240727,-0.16,-0.25,-0.86,UBINAS
20250424,1802,2024,MOQUEGUA,GENERAL SANCHEZ CERRO,20240728,-0.07,-0.25,-0.92,UBINAS
20250424,1802,2024,MOQUEGUA,GENERAL SANCHEZ CERRO,20240729,0.05,-0.17,-0.78,UBINAS
20250424,1802,2024,MOQUEGUA,GENERAL SANCHEZ CERRO,20240730,0,-0.21,-0.73,UBINAS
20250424,1802,2024,MOQUEGUA,GENERAL SANCHEZ CERRO,20240731,-0.22,-0.21,-0.5,UBINAS
20250424,1802,2024,MOQUEGUA,GENERAL SANCHEZ CERRO,20240801,-0.11,-0.24,-0.7,UBINAS
20250424,1802,2024,MOQUEGUA,GENERAL SANCHEZ CERRO,20240802,-0.03,-0.27,-0.47,UBINAS
20250424,1802,2024,MOQUEGUA,GENERAL SANCHEZ CERRO,20240803,-0.08,-0.21,-0.75,UBINAS
20250424,1802,2024,MOQUEGUA,GENERAL SANCHEZ CERRO,20240804,-0.12,-0.27,-0.19,UBINAS
20250424,1802,2024,MOQUEGUA,GENERAL SANCHEZ CERRO,20240805,-0.13,-0.28,-0.44,UBINAS
20250424,1802,2024,MOQUEGUA,GENERAL SANCHEZ CERRO,20240806,-0.31,-0.3,-0.61,UBINAS
20250424,1802,2024,MOQUEGUA,GENERAL SANCHEZ CERRO,20240807,-0.27,-0.38,-0.45,UBINAS
20250424,1802,2024,MOQUEGUA,GENERAL SANCHEZ CERRO,20240808,-0.16,-0.3,-0.46,UBINAS
20250424,1802,2024,MOQUEGUA,GENERAL SANCHEZ CERRO,20240809,-0.02,-0.28,-0.54,UBINAS
20250424,1802,2024,MOQUEGUA,GENERAL SANCHEZ CERRO,20240810,-0.01,-0.24,-0.76,UBINAS
20250424,1802,2024,MOQUEGUA,GENERAL SANCHEZ CERRO,20240811,0.08,-0.23,-0.43,UBINAS
20250424,1802,2024,MOQUEGUA,GENERAL SANCHEZ CERRO,20240812,-0.16,-0.24,-1.08,UBINAS
20250424,1802,2024,MOQUEGUA,GENERAL SANCHEZ CERRO,20240813,-0.14,-0.26,-0.6,UBINAS
20250424,1802,2024,MOQUEGUA,GENERAL SANCHEZ CERRO,20240814,-0.01,-0.29,-0.58,UBINAS
20250424,1802,2024,MOQUEGUA,GENERAL SANCHEZ CERRO,20240815,-0.16,-0.15,-0.86,UBINAS
20250424,1802,2024,MOQUEGUA,GENERAL SANCHEZ CERRO,20240816,0.02,-0.18,-0.75,UBINAS
20250424,1802,2024,MOQUEGUA,GENERAL SANCHEZ CERRO,20240817,-0.16,-0.16,-0.35,UBINAS
20250424,1802,2024,MOQUEGUA,GENERAL SANCHEZ CERRO,20240818,-0.06,-0.08,-0.63,UBINAS
20250424,1802,2024,MOQUEGUA,GENERAL SANCHEZ CERRO,20240819,-0.05,-0.08,-0.54,UBINAS
20250424,1802,2024,MOQUEGUA,GENERAL SANCHEZ CERRO,20240820,-0.12,-0.15,-0.32,UBINAS
20250424,1802,2024,MOQUEGUA,GENERAL SANCHEZ CERRO,20240821,-0.19,-0.25,-0.52,UBINAS
20250424,1802,2024,MOQUEGUA,GENERAL SANCHEZ CERRO,20240822,-0.21,-0.42,-0.42,UBINAS
20250424,1802,2024,MOQUEGUA,GENERAL SANCHEZ CERRO,20240823,-0.13,-0.17,-0.33,UBINAS
20250424,1802,2024,MOQUEGUA,GENERAL SANCHEZ CERRO,20240824,-0.15,-0.16,-0.21,UBINAS
20250424,1802,2024,MOQUEGUA,GENERAL SANCHEZ CERRO,20240825,-0.01,-0.19,-0.37,UBINAS
20250424,1802,2024,MOQUEGUA,GENERAL SANCHEZ CERRO,20240826,-0.04,-0.15,-0.45,UBINAS
20250424,1802,2024,MOQUEGUA,GENERAL SANCHEZ CERRO,20240827,-0.03,-0.25,-0.57,UBINAS
20250424,1802,2024,MOQUEGUA,GENERAL SANCHEZ CERRO,20240828,-0.03,-0.21,-0.95,UBINAS
20250424,1802,2024,MOQUEGUA,GENERAL SANCHEZ CERRO,20240829,-0.19,-0.25,-0.37,UBINAS
20250424,1802,2024,MOQUEGUA,GENERAL SANCHEZ CERRO,20240830,-0.16,-0.28,-0.25,UBINAS
20250424,1802,2024,MOQUEGUA,GENERAL SANCHEZ CERRO,20240831,-0.06,-0.38,-0.42,UBINAS
20250424,1802,2024,MOQUEGUA,GENERAL SANCHEZ CERRO,20240901,0.07,-0.26,-0.48,UBINAS
20250424,1802,2024,MOQUEGUA,GENERAL SANCHEZ CERRO,20240902,-0.02,-0.25,-0.44,UBINAS
20250424,1802,2024,MOQUEGUA,GENERAL SANCHEZ CERRO,20240903,0.03,-0.22,-0.42,UBINAS
20250424,1802,2024,MOQUEGUA,GENERAL SANCHEZ CERRO,20240904,0.05,-0.23,-0.22,UBINAS
20250424,1802,2024,MOQUEGUA,GENERAL SANCHEZ CERRO,20240905,0.04,-0.27,-0.86,UBINAS
20250424,1802,2024,MOQUEGUA,GENERAL SANCHEZ CERRO,20240906,-0.02,-0.32,-0.14,UBINAS
20250424,1802,2024,MOQUEGUA,GENERAL SANCHEZ CERRO,20240907,-0.25,-0.22,-0.69,UBINAS
20250424,1802,2024,MOQUEGUA,GENERAL SANCHEZ CERRO,20240908,0.01,-0.11,-0.78,UBINAS
20250424,1802,2024,MOQUEGUA,GENERAL SANCHEZ CERRO,20240909,-0.03,-0.11,-0.87,UBINAS
20250424,1802,2024,MOQUEGUA,GENERAL SANCHEZ CERRO,20240910,-0.06,-0.18,-0.81,UBINAS
20250424,1802,2024,MOQUEGUA,GENERAL SANCHEZ CERRO,20240911,-0.03,-0.17,-0.31,UBINAS
20250424,1802,2024,MOQUEGUA,GENERAL SANCHEZ CERRO,20240912,-0.09,-0.22,-0.67,UBINAS
20250424,1802,2024,MOQUEGUA,GENERAL SANCHEZ CERRO,20240913,-0.03,-0.23,-0.88,UBINAS
20250424,1802,2024,MOQUEGUA,GENERAL SANCHEZ CERRO,20240914,-0.05,-0.3,-1.22,UBINAS
20250424,1802,2024,MOQUEGUA,GENERAL SANCHEZ CERRO,20240915,-0.18,-0.2,-0.55,UBINAS
20250424,1802,2024,MOQUEGUA,GENERAL SANCHEZ CERRO,20240916,0.03,-0.29,-0.3,UBINAS
20250424,1802,2024,MOQUEGUA,GENERAL SANCHEZ CERRO,20240917,-0.16,-0.3,-1,UBINAS
20250424,1802,2024,MOQUEGUA,GENERAL SANCHEZ CERRO,20240918,0.12,-0.11,-0.95,UBINAS
20250424,1802,2024,MOQUEGUA,GENERAL SANCHEZ CERRO,20240919,-0.01,-0.26,-0.96,UBINAS
20250424,1802,2024,MOQUEGUA,GENERAL SANCHEZ CERRO,20240920,-0.18,-0.19,-0.49,UBINAS
20250424,1802,2024,MOQUEGUA,GENERAL SANCHEZ CERRO,20240921,-0.07,-0.17,-1,UBINAS
20250424,1802,2024,MOQUEGUA,GENERAL SANCHEZ CERRO,20240922,-0.19,-0.22,-0.72,UBINAS
20250424,1802,2024,MOQUEGUA,GENERAL SANCHEZ CERRO,20240923,-0.09,-0.21,-0.53,UBINAS
20250424,1802,2024,MOQUEGUA,GENERAL SANCHEZ CERRO,20240924,0,-0.17,-0.58,UBINAS
20250424,1802,2024,MOQUEGUA,GENERAL SANCHEZ CERRO,20240925,-0.17,-0.21,-0.97,UBINAS
20250424,1802,2024,MOQUEGUA,GENERAL SANCHEZ CERRO,20240926,-0.07,-0.28,-0.64,UBINAS
20250424,1802,2024,MOQUEGUA,GENERAL SANCHEZ CERRO,20240927,-0.02,-0.18,-0.51,UBINAS
20250424,1802,2024,MOQUEGUA,GENERAL SANCHEZ CERRO,20240928,-0.17,-0.25,-0.86,UBINAS
20250424,1802,2024,MOQUEGUA,GENERAL SANCHEZ CERRO,20240929,-0.18,-0.23,-0.73,UBINAS
20250424,1802,2024,MOQUEGUA,GENERAL SANCHEZ CERRO,20240930,-0.06,-0.22,-0.54,UBINAS
20250424,1802,2024,MOQUEGUA,GENERAL SANCHEZ CERRO,20241001,0.04,-0.23,-1.19,UBINAS
20250424,1802,2024,MOQUEGUA,GENERAL SANCHEZ CERRO,20241002,0.03,-0.21,-0.66,UBINAS
20250424,1802,2024,MOQUEGUA,GENERAL SANCHEZ CERRO,20241003,-0.1,-0.33,-0.87,UBINAS
20250424,1802,2024,MOQUEGUA,GENERAL SANCHEZ CERRO,20241004,0.12,-0.31,-0.65,UBINAS
20250424,1802,2024,MOQUEGUA,GENERAL SANCHEZ CERRO,20241005,-0.16,-0.12,-0.92,UBINAS
20250424,1802,2024,MOQUEGUA,GENERAL SANCHEZ CERRO,20241006,-0.13,-0.18,-0.48,UBINAS
20250424,1802,2024,MOQUEGUA,GENERAL SANCHEZ CERRO,20241007,-0.07,-0.12,-1.16,UBINAS
20250424,1802,2024,MOQUEGUA,GENERAL SANCHEZ CERRO,20241008,-0.02,-0.34,-0.63,UBINAS
20250424,1802,2024,MOQUEGUA,GENERAL SANCHEZ CERRO,20241009,-0.1,-0.15,-0.38,UBINAS
20250424,1802,2024,MOQUEGUA,GENERAL SANCHEZ CERRO,20241010,-0.1,-0.54,-0.53,UBINAS
20250424,1802,2024,MOQUEGUA,GENERAL SANCHEZ CERRO,20241011,-0.18,-0.3,-0.37,UBINAS
20250424,1802,2024,MOQUEGUA,GENERAL SANCHEZ CERRO,20241012,-0.1,-0.28,-0.43,UBINAS
20250424,1802,2024,MOQUEGUA,GENERAL SANCHEZ CERRO,20241013,-0.14,-0.23,-1.34,UBINAS
20250424,1802,2024,MOQUEGUA,GENERAL SANCHEZ CERRO,20241014,-0.02,-0.47,-0.74,UBINAS
20250424,1802,2024,MOQUEGUA,GENERAL SANCHEZ CERRO,20241015,-0.05,-0.44,-0.46,UBINAS
20250424,1802,2024,MOQUEGUA,GENERAL SANCHEZ CERRO,20241016,-0.1,-0.22,-0.94,UBINAS
20250424,1802,2024,MOQUEGUA,GENERAL SANCHEZ CERRO,20241017,-0.09,-0.3,-0.48,UBINAS
20250424,1802,2024,MOQUEGUA,GENERAL SANCHEZ CERRO,20241018,-0.07,-0.34,-0.8,UBINAS
20250424,1802,2024,MOQUEGUA,GENERAL SANCHEZ CERRO,20241019,-0.08,-0.36,-0.29,UBINAS
20250424,1802,2024,MOQUEGUA,GENERAL SANCHEZ CERRO,20241020,0.06,-0.33,-0.66,UBINAS
20250424,1802,2024,MOQUEGUA,GENERAL SANCHEZ CERRO,20241021,-0.08,-0.31,-0.25,UBINAS
20250424,1802,2024,MOQUEGUA,GENERAL SANCHEZ CERRO,20241022,-0.12,-0.29,-0.5,UBINAS
20250424,1802,2024,MOQUEGUA,GENERAL SANCHEZ CERRO,20241023,-0.07,-0.27,-0.54,UBINAS
20250424,1802,2024,MOQUEGUA,GENERAL SANCHEZ CERRO,20241024,-0.09,-0.41,-0.47,UBINAS
20250424,1802,2024,MOQUEGUA,GENERAL SANCHEZ CERRO,20241025,-0.02,-0.41,-0.17,UBINAS
20250424,1802,2024,MOQUEGUA,GENERAL SANCHEZ CERRO,20241026,-0.06,-0.4,-0.03,UBINAS
20250424,1802,2024,MOQUEGUA,GENERAL SANCHEZ CERRO,20241027,0.02,-0.33,-0.68,UBINAS
20250424,1802,2024,MOQUEGUA,GENERAL SANCHEZ CERRO,20241028,-0.09,-0.35,-0.34,UBINAS
20250424,1802,2024,MOQUEGUA,GENERAL SANCHEZ CERRO,20241029,-0.04,-0.42,-0.82,UBINAS
20250424,1802,2024,MOQUEGUA,GENERAL SANCHEZ CERRO,20241030,-0.03,-0.45,-0.73,UBINAS
20250424,1802,2024,MOQUEGUA,GENERAL SANCHEZ CERRO,20241031,-0.18,-0.42,-0.93,UBINAS
20250424,1802,2024,MOQUEGUA,GENERAL SANCHEZ CERRO,20241101,0.05,-0.36,-0.14,UBINAS
20250424,1802,2024,MOQUEGUA,GENERAL SANCHEZ CERRO,20241102,-0.04,-0.36,-0.29,UBINAS
20250424,1802,2024,MOQUEGUA,GENERAL SANCHEZ CERRO,20241103,-0.03,-0.4,-0.65,UBINAS
20250424,1802,2024,MOQUEGUA,GENERAL SANCHEZ CERRO,20241104,-0.11,-0.27,-0.69,UBINAS
20250424,1802,2024,MOQUEGUA,GENERAL SANCHEZ CERRO,20241105,-0.09,-0.26,-0.27,UBINAS
20250424,1802,2024,MOQUEGUA,GENERAL SANCHEZ CERRO,20241106,-0.03,-0.26,-0.74,UBINAS
20250424,1802,2024,MOQUEGUA,GENERAL SANCHEZ CERRO,20241107,0.15,-0.48,-0.58,UBINAS
20250424,1802,2024,MOQUEGUA,GENERAL SANCHEZ CERRO,20241108,-0.12,-0.38,-0.66,UBINAS
20250424,1802,2024,MOQUEGUA,GENERAL SANCHEZ CERRO,20241109,-0.02,-0.63,-0.18,UBINAS
20250424,1802,2024,MOQUEGUA,GENERAL SANCHEZ CERRO,20241110,0.09,-0.39,-0.63,UBINAS
20250424,1802,2024,MOQUEGUA,GENERAL SANCHEZ CERRO,20241111,-0.16,-0.32,-0.85,UBINAS
20250424,1802,2024,MOQUEGUA,GENERAL SANCHEZ CERRO,20241112,-0.02,-0.44,-0.14,UBINAS
20250424,1802,2024,MOQUEGUA,GENERAL SANCHEZ CERRO,20241113,-0.06,-0.43,-0.33,UBINAS
20250424,1802,2024,MOQUEGUA,GENERAL SANCHEZ CERRO,20241114,-0.14,-0.5,-1.26,UBINAS
20250424,1802,2024,MOQUEGUA,GENERAL SANCHEZ CERRO,20241115,-0.17,-0.52,-0.89,UBINAS
20250424,1802,2024,MOQUEGUA,GENERAL SANCHEZ CERRO,20241116,-0.1,-0.45,0.27,UBINAS
20250424,1802,2024,MOQUEGUA,GENERAL SANCHEZ CERRO,20241117,-0.06,-0.49,-0.47,UBINAS
20250424,1802,2024,MOQUEGUA,GENERAL SANCHEZ CERRO,20241118,-0.03,-0.37,-0.31,UBINAS
20250424,1802,2024,MOQUEGUA,GENERAL SANCHEZ CERRO,20241119,-0.13,-0.4,-0.22,UBINAS
20250424,1802,2024,MOQUEGUA,GENERAL SANCHEZ CERRO,20241120,0.03,-0.45,-0.36,UBINAS
20250424,1802,2024,MOQUEGUA,GENERAL SANCHEZ CERRO,20241121,0.06,-0.44,-0.29,UBINAS
20250424,1802,2024,MOQUEGUA,GENERAL SANCHEZ CERRO,20241122,0.09,-0.31,-0.48,UBINAS
20250424,1802,2024,MOQUEGUA,GENERAL SANCHEZ CERRO,20241123,0.03,-0.34,-0.94,UBINAS
20250424,1802,2024,MOQUEGUA,GENERAL SANCHEZ CERRO,20241124,-0.16,-0.32,-0.33,UBINAS
20250424,1802,2024,MOQUEGUA,GENERAL SANCHEZ CERRO,20241125,-0.01,-0.37,-0.9,UBINAS
20250424,1802,2024,MOQUEGUA,GENERAL SANCHEZ CERRO,20241126,-0.11,-0.56,-1.19,UBINAS
20250424,1802,2024,MOQUEGUA,GENERAL SANCHEZ CERRO,20241127,-0.08,-0.8,-0.16,UBINAS
20250424,1802,2024,MOQUEGUA,GENERAL SANCHEZ CERRO,20241128,-0.15,-0.37,-0.48,UBINAS
20250424,1802,2024,MOQUEGUA,GENERAL SANCHEZ CERRO,20241129,-0.14,-0.45,-0.9,UBINAS
20250424,1802,2024,MOQUEGUA,GENERAL SANCHEZ CERRO,20241130,-0.03,-0.44,-0.61,UBINAS
20250424,1802,2024,MOQUEGUA,GENERAL SANCHEZ CERRO,20241201,0.05,-0.46,-0.65,UBINAS
20250424,1802,2024,MOQUEGUA,GENERAL SANCHEZ CERRO,20241202,-0.02,-0.26,-0.6,UBINAS
20250424,1802,2024,MOQUEGUA,GENERAL SANCHEZ CERRO,20241203,0.06,-0.54,-1.09,UBINAS
20250424,1802,2024,MOQUEGUA,GENERAL SANCHEZ CERRO,20241204,-0.02,-0.27,-0.13,UBINAS
20250424,1802,2024,MOQUEGUA,GENERAL SANCHEZ CERRO,20241205,0,-0.14,0.03,UBINAS
20250424,1802,2024,MOQUEGUA,GENERAL SANCHEZ CERRO,20241206,-0.08,-0.32,-0.76,UBINAS
20250424,1802,2024,MOQUEGUA,GENERAL SANCHEZ CERRO,20241207,0.04,-0.32,-0.67,UBINAS
20250424,1802,2024,MOQUEGUA,GENERAL SANCHEZ CERRO,20241208,0.03,-0.45,-1.09,UBINAS
20250424,1802,2024,MOQUEGUA,GENERAL SANCHEZ CERRO,20241209,-0.07,-0.23,-1.04,UBINAS
20250424,1802,2024,MOQUEGUA,GENERAL SANCHEZ CERRO,20241210,0.1,-0.34,-0.53,UBINAS
20250424,1802,2024,MOQUEGUA,GENERAL SANCHEZ CERRO,20241211,0.11,-0.21,-0.72,UBINAS
20250424,1802,2024,MOQUEGUA,GENERAL SANCHEZ CERRO,20241212,0.05,-0.2,-0.95,UBINAS
20250424,1802,2024,MOQUEGUA,GENERAL SANCHEZ CERRO,20241213,-0.08,-0.13,-0.94,UBINAS
20250424,1802,2024,MOQUEGUA,GENERAL SANCHEZ CERRO,20241214,-0.16,-0.13,-0.29,UBINAS
20250424,1802,2024,MOQUEGUA,GENERAL SANCHEZ CERRO,20241217,0.15,-0.25,-0.78,UBINAS
20250424,1802,2024,MOQUEGUA,GENERAL SANCHEZ CERRO,20241218,-0.22,-0.19,-1.33,UBINAS
20250424,1802,2024,MOQUEGUA,GENERAL SANCHEZ CERRO,20241219,0.12,-0.3,-0.7,UBINAS
20250424,1802,2024,MOQUEGUA,GENERAL SANCHEZ CERRO,20241220,-0.05,-0.26,0.31,UBINAS
20250424,1802,2024,MOQUEGUA,GENERAL SANCHEZ CERRO,20241221,0.03,-0.3,-0.11,UBINAS
20250424,1802,2024,MOQUEGUA,GENERAL SANCHEZ CERRO,20241222,0,-0.18,-0.69,UBINAS
20250424,1802,2024,MOQUEGUA,GENERAL SANCHEZ CERRO,20241223,-0.18,-0.25,-0.23,UBINAS
20250424,1802,2024,MOQUEGUA,GENERAL SANCHEZ CERRO,20241224,0.09,-0.19,-0.18,UBINAS
20250424,1802,2024,MOQUEGUA,GENERAL SANCHEZ CERRO,20241225,0.01,-0.24,-0.12,UBINAS
20250424,1802,2024,MOQUEGUA,GENERAL SANCHEZ CERRO,20241226,-0.07,-0.29,0.2,UBINAS
20250424,1802,2024,MOQUEGUA,GENERAL SANCHEZ CERRO,20241227,-0.18,-0.35,-0.04,UBINAS
20250424,1802,2024,MOQUEGUA,GENERAL SANCHEZ CERRO,20241228,0.1,-0.34,-0.1,UBINAS
20250424,1802,2024,MOQUEGUA,GENERAL SANCHEZ CERRO,20241229,0.01,-0.26,-0.19,UBINAS
20250424,1802,2024,MOQUEGUA,GENERAL SANCHEZ CERRO,20241230,-0.09,-0.29,-0.24,UBINAS
20250424,1802,2024,MOQUEGUA,GENERAL SANCHEZ CERRO,20241231,-0.02,-0.37,-0.77,UBINAS
20250424,1802,2025,MOQUEGUA,GENERAL SANCHEZ CERRO,20250101,0.06,-0.36,0.06,UBINAS
20250424,1802,2025,MOQUEGUA,GENERAL SANCHEZ CERRO,20250102,-0.08,-0.08,-0.34,UBINAS
20250424,1802,2025,MOQUEGUA,GENERAL SANCHEZ CERRO,20250103,0.12,-0.1,-0.35,UBINAS
20250424,1802,2025,MOQUEGUA,GENERAL SANCHEZ CERRO,20250104,0.06,-0.2,-0.66,UBINAS
20250424,1802,2025,MOQUEGUA,GENERAL SANCHEZ CERRO,20250105,-0.01,-0.13,-0.74,UBINAS
20250424,1802,2025,MOQUEGUA,GENERAL SANCHEZ CERRO,20250106,0.04,-0.27,-0.17,UBINAS
20250424,1802,2025,MOQUEGUA,GENERAL SANCHEZ CERRO,20250107,-0.01,-0.43,-0.24,UBINAS
20250424,1802,2025,MOQUEGUA,GENERAL SANCHEZ CERRO,20250108,0.08,-0.39,-0.57,UBINAS
20250424,1802,2025,MOQUEGUA,GENERAL SANCHEZ CERRO,20250109,0.02,-0.38,-0.44,UBINAS
20250424,1802,2025,MOQUEGUA,GENERAL SANCHEZ CERRO,20250110,-0.01,-0.19,-0.44,UBINAS
20250424,1802,2025,MOQUEGUA,GENERAL SANCHEZ CERRO,20250111,0.09,-0.4,0.05,UBINAS
20250424,1802,2025,MOQUEGUA,GENERAL SANCHEZ CERRO,20250112,0.04,-0.51,-0.02,UBINAS
20250424,1802,2025,MOQUEGUA,GENERAL SANCHEZ CERRO,20250113,0.04,-0.39,0.15,UBINAS
20250424,1802,2025,MOQUEGUA,GENERAL SANCHEZ CERRO,20250114,0.01,-0.45,-0.19,UBINAS
20250424,1802,2025,MOQUEGUA,GENERAL SANCHEZ CERRO,20250115,0.01,-0.46,-0.04,UBINAS
20250424,1802,2025,MOQUEGUA,GENERAL SANCHEZ CERRO,20250116,0.25,-0.42,0.33,UBINAS
20250424,1802,2025,MOQUEGUA,GENERAL SANCHEZ CERRO,20250117,0.03,-0.35,-0.14,UBINAS
20250424,1802,2025,MOQUEGUA,GENERAL SANCHEZ CERRO,20250118,0.09,-0.36,-0.16,UBINAS
20250424,1802,2025,MOQUEGUA,GENERAL SANCHEZ CERRO,20250119,0.1,-0.28,-0.05,UBINAS
20250424,1802,2025,MOQUEGUA,GENERAL SANCHEZ CERRO,20250120,0.1,-0.31,-0.17,UBINAS
20250424,1802,2025,MOQUEGUA,GENERAL SANCHEZ CERRO,20250121,0.17,-0.37,-0.34,UBINAS
20250424,1802,2025,MOQUEGUA,GENERAL SANCHEZ CERRO,20250122,0.19,-0.37,0.09,UBINAS
20250424,1802,2025,MOQUEGUA,GENERAL SANCHEZ CERRO,20250123,0.19,-0.23,-0.06,UBINAS
20250424,1802,2025,MOQUEGUA,GENERAL SANCHEZ CERRO,20250124,0.39,-0.36,0.24,UBINAS
20250424,1802,2025,MOQUEGUA,GENERAL SANCHEZ CERRO,20250125,0.28,-0.38,0.36,UBINAS
20250424,1802,2025,MOQUEGUA,GENERAL SANCHEZ CERRO,20250126,0.28,-0.37,-0.58,UBINAS
20250424,1802,2025,MOQUEGUA,GENERAL SANCHEZ CERRO,20250127,0.04,-0.24,-0.6,UBINAS
20250424,1802,2025,MOQUEGUA,GENERAL SANCHEZ CERRO,20250128,0.3,-0.35,-0.58,UBINAS
20250424,1802,2025,MOQUEGUA,GENERAL SANCHEZ CERRO,20250129,0.28,-0.11,-0.99,UBINAS
20250424,1802,2025,MOQUEGUA,GENERAL SANCHEZ CERRO,20250130,0.21,-0.4,0.08,UBINAS
20250424,1802,2025,MOQUEGUA,GENERAL SANCHEZ CERRO,20250131,0.29,-0.33,-0.2,UBINAS
20250424,1802,2025,MOQUEGUA,GENERAL SANCHEZ CERRO,20250201,0.21,-0.29,0.45,UBINAS
20250424,1802,2025,MOQUEGUA,GENERAL SANCHEZ CERRO,20250202,0.13,-0.34,0.14,UBINAS
20250424,1802,2025,MOQUEGUA,GENERAL SANCHEZ CERRO,20250203,0.03,-0.35,-0.13,UBINAS
20250424,1802,2025,MOQUEGUA,GENERAL SANCHEZ CERRO,20250204,0.02,-0.3,-0.03,UBINAS
20250424,1802,2025,MOQUEGUA,GENERAL SANCHEZ CERRO,20250205,0,-0.36,0.09,UBINAS
20250424,1802,2025,MOQUEGUA,GENERAL SANCHEZ CERRO,20250206,0.2,-0.37,0.93,UBINAS
20250424,1802,2025,MOQUEGUA,GENERAL SANCHEZ CERRO,20250207,-0.03,-0.16,-0.47,UBINAS
20250424,1802,2025,MOQUEGUA,GENERAL SANCHEZ CERRO,20250208,0.28,-0.16,0.02,UBINAS
20250424,1802,2025,MOQUEGUA,GENERAL SANCHEZ CERRO,20250209,0.31,-0.15,0.06,UBINAS
20250424,1802,2025,MOQUEGUA,GENERAL SANCHEZ CERRO,20250210,0.08,-0.08,-0.48,UBINAS
20250424,1802,2025,MOQUEGUA,GENERAL SANCHEZ CERRO,20250211,0.07,-0.05,-0.45,UBINAS
20250424,1802,2025,MOQUEGUA,GENERAL SANCHEZ CERRO,20250212,0.2,-0.23,-0.35,UBINAS
20250424,1802,2025,MOQUEGUA,GENERAL SANCHEZ CERRO,20250213,0.14,-0.17,-0.91,UBINAS
20250424,1802,2025,MOQUEGUA,GENERAL SANCHEZ CERRO,20250214,0.01,-0.09,-1.19,UBINAS
20250424,1802,2025,MOQUEGUA,GENERAL SANCHEZ CERRO,20250215,0.29,-0.31,-0.55,UBINAS
20250424,1802,2025,MOQUEGUA,GENERAL SANCHEZ CERRO,20250216,0.12,-0.37,-1.05,UBINAS
20250424,1802,2025,MOQUEGUA,GENERAL SANCHEZ CERRO,20250217,0.15,-0.12,-0.65,UBINAS
20250424,1802,2025,MOQUEGUA,GENERAL SANCHEZ CERRO,20250218,0.13,-0.34,-0.86,UBINAS
20250424,1802,2025,MOQUEGUA,GENERAL SANCHEZ CERRO,20250219,0.2,-0.15,-0.8,UBINAS
20250424,1802,2025,MOQUEGUA,GENERAL SANCHEZ CERRO,20250220,0.21,-0.49,0.07,UBINAS
20250424,1802,2025,MOQUEGUA,GENERAL SANCHEZ CERRO,20250221,0.34,-0.17,-1.23,UBINAS
20250424,1802,2025,MOQUEGUA,GENERAL SANCHEZ CERRO,20250222,0.24,-0.19,-1.14,UBINAS
20250424,1802,2025,MOQUEGUA,GENERAL SANCHEZ CERRO,20250223,0.24,-0.28,-0.17,UBINAS
20250424,1802,2025,MOQUEGUA,GENERAL SANCHEZ CERRO,20250224,0.04,-0.31,0.19,UBINAS
20250424,1802,2025,MOQUEGUA,GENERAL SANCHEZ CERRO,20250225,0.14,-0.33,-0.52,UBINAS
20250424,1802,2025,MOQUEGUA,GENERAL SANCHEZ CERRO,20250226,0.13,-0.5,-0.53,UBINAS
20250424,1802,2025,MOQUEGUA,GENERAL SANCHEZ CERRO,20250227,-0.01,-0.28,-0.76,UBINAS
20250424,1802,2025,MOQUEGUA,GENERAL SANCHEZ CERRO,20250228,0.12,-0.33,-0.67,UBINAS
20250424,1802,2025,MOQUEGUA,GENERAL SANCHEZ CERRO,20250301,0.28,-0.48,-0.37,UBINAS
20250424,1802,2025,MOQUEGUA,GENERAL SANCHEZ CERRO,20250302,0.21,-0.32,-1.04,UBINAS
20250424,1802,2025,MOQUEGUA,GENERAL SANCHEZ CERRO,20250303,0.41,-0.37,-0.73,UBINAS
20250424,1802,2025,MOQUEGUA,GENERAL SANCHEZ CERRO,20250304,0.41,-0.31,-0.23,UBINAS
20250424,1802,2025,MOQUEGUA,GENERAL SANCHEZ CERRO,20250305,0.15,-0.27,-0.52,UBINAS
20250424,1802,2025,MOQUEGUA,GENERAL SANCHEZ CERRO,20250306,0.19,-0.34,-0.75,UBINAS
20250424,1802,2025,MOQUEGUA,GENERAL SANCHEZ CERRO,20250307,0.14,-0.23,-1.42,UBINAS
20250424,1802,2025,MOQUEGUA,GENERAL SANCHEZ CERRO,20250308,0.24,-0.3,-0.38,UBINAS
20250424,1802,2025,MOQUEGUA,GENERAL SANCHEZ CERRO,20250309,0.14,-0.35,-0.7,UBINAS
20250424,1802,2025,MOQUEGUA,GENERAL SANCHEZ CERRO,20250310,0.01,-0.3,-0.75,UBINAS
20250424,1802,2025,MOQUEGUA,GENERAL SANCHEZ CERRO,20250311,0.12,-0.41,-0.91,UBINAS
20250424,1802,2025,MOQUEGUA,GENERAL SANCHEZ CERRO,20250312,0.29,-0.38,-0.59,UBINAS
20250424,1802,2025,MOQUEGUA,GENERAL SANCHEZ CERRO,20250313,0.04,-0.39,-0.09,UBINAS
20250424,1802,2025,MOQUEGUA,GENERAL SANCHEZ CERRO,20250314,0.21,-0.23,-0.5,UBINAS
20250424,1802,2025,MOQUEGUA,GENERAL SANCHEZ CERRO,20250315,0.14,-0.35,-0.35,UBINAS
20250424,0405,2023,AREQUIPA,CAYLLOMA,20231001,0,0,0,SABANCAYA
20250424,0405,2023,AREQUIPA,CAYLLOMA,20231002,-0.08,-0.4,1.02,SABANCAYA
20250424,0405,2023,AREQUIPA,CAYLLOMA,20231003,-0.26,-0.18,0.21,SABANCAYA
20250424,0405,2023,AREQUIPA,CAYLLOMA,20231004,0.13,-0.2,0.46,SABANCAYA
20250424,0405,2023,AREQUIPA,CAYLLOMA,20231005,-0.19,-0.41,0.99,SABANCAYA
20250424,0405,2023,AREQUIPA,CAYLLOMA,20231006,-0.01,-0.2,0.04,SABANCAYA
20250424,0405,2023,AREQUIPA,CAYLLOMA,20231007,-0.23,-0.43,0.01,SABANCAYA
20250424,0405,2023,AREQUIPA,CAYLLOMA,20231008,-0.06,-0.44,1.28,SABANCAYA
20250424,0405,2023,AREQUIPA,CAYLLOMA,20231009,0.17,-0.45,0.81,SABANCAYA
20250424,0405,2023,AREQUIPA,CAYLLOMA,20231010,0.23,-0.45,0.87,SABANCAYA
20250424,0405,2023,AREQUIPA,CAYLLOMA,20231011,0.08,-0.25,0.47,SABANCAYA
20250424,0405,2023,AREQUIPA,CAYLLOMA,20231012,0.03,-0.28,1.28,SABANCAYA
20250424,0405,2023,AREQUIPA,CAYLLOMA,20231013,-0.04,-0.38,0.6,SABANCAYA
20250424,0405,2023,AREQUIPA,CAYLLOMA,20231014,0.2,-0.23,1.05,SABANCAYA
20250424,0405,2023,AREQUIPA,CAYLLOMA,20231015,0.12,-0.32,0.96,SABANCAYA
20250424,0405,2023,AREQUIPA,CAYLLOMA,20231016,0.15,-0.34,0.69,SABANCAYA
20250424,0405,2023,AREQUIPA,CAYLLOMA,20231017,0.61,-0.17,0.82,SABANCAYA
20250424,0405,2023,AREQUIPA,CAYLLOMA,20231018,0.38,-0.18,1.29,SABANCAYA
20250424,0405,2023,AREQUIPA,CAYLLOMA,20231019,0.27,-0.11,0.99,SABANCAYA
20250424,0405,2023,AREQUIPA,CAYLLOMA,20231020,0.15,-0.26,0.68,SABANCAYA
20250424,0405,2023,AREQUIPA,CAYLLOMA,20231021,0.12,-0.22,-0.06,SABANCAYA
20250424,0405,2023,AREQUIPA,CAYLLOMA,20231022,0.15,-0.12,0.3,SABANCAYA
20250424,0405,2023,AREQUIPA,CAYLLOMA,20231023,0.12,-0.33,0.01,SABANCAYA
20250424,0405,2023,AREQUIPA,CAYLLOMA,20231024,0.11,-0.55,0.93,SABANCAYA
20250424,0405,2023,AREQUIPA,CAYLLOMA,20231025,0.45,-0.54,1.2,SABANCAYA
20250424,0405,2023,AREQUIPA,CAYLLOMA,20231026,0.31,-0.33,1.11,SABANCAYA
20250424,0405,2023,AREQUIPA,CAYLLOMA,20231027,0.37,-0.39,1.74,SABANCAYA
20250424,0405,2023,AREQUIPA,CAYLLOMA,20231028,0.16,-0.58,0.29,SABANCAYA
20250424,0405,2023,AREQUIPA,CAYLLOMA,20231029,0.1,-0.39,1.24,SABANCAYA
20250424,0405,2023,AREQUIPA,CAYLLOMA,20231030,0.01,-0.74,1.52,SABANCAYA
20250424,0405,2023,AREQUIPA,CAYLLOMA,20231031,0.24,-0.38,1.37,SABANCAYA
20250424,0405,2023,AREQUIPA,CAYLLOMA,20231101,0.17,-0.5,1.32,SABANCAYA
20250424,0405,2023,AREQUIPA,CAYLLOMA,20231102,0.26,-0.44,1.02,SABANCAYA
20250424,0405,2023,AREQUIPA,CAYLLOMA,20231103,0.3,-0.3,1.18,SABANCAYA
20250424,0405,2023,AREQUIPA,CAYLLOMA,20231104,0.33,-0.25,0.92,SABANCAYA
20250424,0405,2023,AREQUIPA,CAYLLOMA,20231105,0.18,-0.39,1.1,SABANCAYA
20250424,0405,2023,AREQUIPA,CAYLLOMA,20231106,0.19,-0.31,0.85,SABANCAYA
20250424,0405,2023,AREQUIPA,CAYLLOMA,20231107,0.2,-0.35,0.7,SABANCAYA
20250424,0405,2023,AREQUIPA,CAYLLOMA,20231108,0.27,-0.37,0.72,SABANCAYA
20250424,0405,2023,AREQUIPA,CAYLLOMA,20231109,0.01,-0.41,0.01,SABANCAYA
20250424,0405,2023,AREQUIPA,CAYLLOMA,20231110,-0.08,-0.29,0.3,SABANCAYA
20250424,0405,2023,AREQUIPA,CAYLLOMA,20231111,0.56,-0.15,1.35,SABANCAYA
20250424,0405,2023,AREQUIPA,CAYLLOMA,20231112,0.13,-0.43,0.57,SABANCAYA
20250424,0405,2023,AREQUIPA,CAYLLOMA,20231113,0.27,-0.5,0.31,SABANCAYA
20250424,0405,2023,AREQUIPA,CAYLLOMA,20231114,0.27,-0.23,1.02,SABANCAYA
20250424,0405,2023,AREQUIPA,CAYLLOMA,20231115,0.35,-0.54,0.86,SABANCAYA
20250424,0405,2023,AREQUIPA,CAYLLOMA,20231116,0.23,-0.31,1.01,SABANCAYA
20250424,0405,2023,AREQUIPA,CAYLLOMA,20231117,0.07,-0.33,1.06,SABANCAYA
20250424,0405,2023,AREQUIPA,CAYLLOMA,20231118,0.4,-0.42,1.13,SABANCAYA
20250424,0405,2023,AREQUIPA,CAYLLOMA,20231119,0.18,-0.23,0.71,SABANCAYA
20250424,0405,2023,AREQUIPA,CAYLLOMA,20231120,0.24,-0.41,1.02,SABANCAYA
20250424,0405,2023,AREQUIPA,CAYLLOMA,20231121,0.19,-0.47,0.92,SABANCAYA
20250424,0405,2023,AREQUIPA,CAYLLOMA,20231122,0.31,-0.44,1.18,SABANCAYA
20250424,0405,2023,AREQUIPA,CAYLLOMA,20231123,0.22,-0.35,0.98,SABANCAYA
20250424,0405,2023,AREQUIPA,CAYLLOMA,20231124,0.42,-0.69,1.17,SABANCAYA
20250424,0405,2023,AREQUIPA,CAYLLOMA,20231125,0.3,-0.4,0.9,SABANCAYA
20250424,0405,2023,AREQUIPA,CAYLLOMA,20231126,0.3,-0.45,0.73,SABANCAYA
20250424,0405,2023,AREQUIPA,CAYLLOMA,20231127,0.07,-0.57,1.06,SABANCAYA
20250424,0405,2023,AREQUIPA,CAYLLOMA,20231128,0.28,-0.52,1.48,SABANCAYA
20250424,0405,2023,AREQUIPA,CAYLLOMA,20231129,0.21,-0.48,1.02,SABANCAYA
20250424,0405,2023,AREQUIPA,CAYLLOMA,20231130,0.33,-0.52,0.85,SABANCAYA
20250424,0405,2023,AREQUIPA,CAYLLOMA,20231201,0.5,-0.39,0.76,SABANCAYA
20250424,0405,2023,AREQUIPA,CAYLLOMA,20231202,0.41,-0.54,1.09,SABANCAYA
20250424,0405,2023,AREQUIPA,CAYLLOMA,20231203,0.22,-0.5,1.16,SABANCAYA
20250424,0405,2023,AREQUIPA,CAYLLOMA,20231204,0.01,-0.46,0.78,SABANCAYA
20250424,0405,2023,AREQUIPA,CAYLLOMA,20231205,0.5,-0.56,0.73,SABANCAYA
20250424,0405,2023,AREQUIPA,CAYLLOMA,20231206,0.26,-0.49,0.82,SABANCAYA
20250424,0405,2023,AREQUIPA,CAYLLOMA,20231207,0.42,-0.62,0.76,SABANCAYA
20250424,0405,2023,AREQUIPA,CAYLLOMA,20231208,0.57,-0.32,0.37,SABANCAYA
20250424,0405,2023,AREQUIPA,CAYLLOMA,20231209,0.32,-0.24,0.43,SABANCAYA
20250424,0405,2023,AREQUIPA,CAYLLOMA,20231210,0.42,-0.4,1.24,SABANCAYA
20250424,0405,2023,AREQUIPA,CAYLLOMA,20231211,0.33,-0.49,0.96,SABANCAYA
20250424,0405,2023,AREQUIPA,CAYLLOMA,20231212,0.22,-0.43,0.78,SABANCAYA
20250424,0405,2023,AREQUIPA,CAYLLOMA,20231213,0.28,-0.27,0.59,SABANCAYA
20250424,0405,2023,AREQUIPA,CAYLLOMA,20231214,0.44,-0.29,-0.14,SABANCAYA
20250424,0405,2023,AREQUIPA,CAYLLOMA,20231215,0.45,-0.52,1.08,SABANCAYA
20250424,0405,2023,AREQUIPA,CAYLLOMA,20231216,0.23,-0.37,1.07,SABANCAYA
20250424,0405,2023,AREQUIPA,CAYLLOMA,20231217,0.29,-0.4,1.15,SABANCAYA
20250424,0405,2023,AREQUIPA,CAYLLOMA,20231218,0.2,-0.51,0.28,SABANCAYA
20250424,0405,2023,AREQUIPA,CAYLLOMA,20231219,0.3,-0.69,0.4,SABANCAYA
20250424,0405,2023,AREQUIPA,CAYLLOMA,20231220,0.38,-0.43,0.89,SABANCAYA
20250424,0405,2023,AREQUIPA,CAYLLOMA,20231221,0.45,-0.46,1.45,SABANCAYA
20250424,0405,2023,AREQUIPA,CAYLLOMA,20231222,0.5,-0.25,1.48,SABANCAYA
20250424,0405,2023,AREQUIPA,CAYLLOMA,20231223,0.48,-0.6,2,SABANCAYA
20250424,0405,2023,AREQUIPA,CAYLLOMA,20231224,0.48,-0.42,1.59,SABANCAYA
20250424,0405,2023,AREQUIPA,CAYLLOMA,20231225,0.45,-0.43,1.51,SABANCAYA
20250424,0405,2023,AREQUIPA,CAYLLOMA,20231226,0.45,-0.45,1.5,SABANCAYA
20250424,0405,2023,AREQUIPA,CAYLLOMA,20231227,0.3,-0.25,0.32,SABANCAYA
20250424,0405,2023,AREQUIPA,CAYLLOMA,20231228,0.44,-0.1,-0.01,SABANCAYA
20250424,0405,2023,AREQUIPA,CAYLLOMA,20231229,0.33,-0.25,0.25,SABANCAYA
20250424,0405,2023,AREQUIPA,CAYLLOMA,20231230,0.41,-0.38,1.12,SABANCAYA
20250424,0405,2023,AREQUIPA,CAYLLOMA,20231231,0.54,-0.14,1.48,SABANCAYA
20250424,0405,2024,AREQUIPA,CAYLLOMA,20240101,0.48,-0.32,0.57,SABANCAYA
20250424,0405,2024,AREQUIPA,CAYLLOMA,20240102,0.49,-0.33,1.34,SABANCAYA
20250424,0405,2024,AREQUIPA,CAYLLOMA,20240103,0.56,-0.53,1.07,SABANCAYA
20250424,0405,2024,AREQUIPA,CAYLLOMA,20240104,0.37,-0.18,0.64,SABANCAYA
20250424,0405,2024,AREQUIPA,CAYLLOMA,20240105,0.34,-0.28,0.38,SABANCAYA
20250424,0405,2024,AREQUIPA,CAYLLOMA,20240106,0.25,-0.47,1.28,SABANCAYA
20250424,0405,2024,AREQUIPA,CAYLLOMA,20240107,0.52,-0.21,0.74,SABANCAYA
20250424,0405,2024,AREQUIPA,CAYLLOMA,20240108,0.52,-0.23,1.55,SABANCAYA
20250424,0405,2024,AREQUIPA,CAYLLOMA,20240109,0.37,-0.37,1.3,SABANCAYA
20250424,0405,2024,AREQUIPA,CAYLLOMA,20240110,0.41,-0.37,1.06,SABANCAYA
20250424,0405,2024,AREQUIPA,CAYLLOMA,20240111,0.43,-0.49,1.86,SABANCAYA
20250424,0405,2024,AREQUIPA,CAYLLOMA,20240112,0.62,-0.55,1.35,SABANCAYA
20250424,0405,2024,AREQUIPA,CAYLLOMA,20240113,0.51,-0.42,1.58,SABANCAYA
20250424,0405,2024,AREQUIPA,CAYLLOMA,20240114,0.54,-0.46,0.82,SABANCAYA
20250424,0405,2024,AREQUIPA,CAYLLOMA,20240115,0.64,-0.26,1.81,SABANCAYA
20250424,0405,2024,AREQUIPA,CAYLLOMA,20240116,0.35,-0.35,0.48,SABANCAYA
20250424,0405,2024,AREQUIPA,CAYLLOMA,20240117,0.59,-0.28,1.15,SABANCAYA
20250424,0405,2024,AREQUIPA,CAYLLOMA,20240118,0.35,-0.22,-0.91,SABANCAYA
20250424,0405,2024,AREQUIPA,CAYLLOMA,20240119,0.25,-0.1,-0.22,SABANCAYA
20250424,0405,2024,AREQUIPA,CAYLLOMA,20240120,0.64,-0.16,0.86,SABANCAYA
20250424,0405,2024,AREQUIPA,CAYLLOMA,20240121,0.52,-0.29,0.93,SABANCAYA
20250424,0405,2024,AREQUIPA,CAYLLOMA,20240122,0.15,-0.24,0.43,SABANCAYA
20250424,0405,2024,AREQUIPA,CAYLLOMA,20240123,0.53,-0.3,1.02,SABANCAYA
20250424,0405,2024,AREQUIPA,CAYLLOMA,20240124,0.31,-0.33,0.68,SABANCAYA
20250424,0405,2024,AREQUIPA,CAYLLOMA,20240125,0.76,-0.52,1.82,SABANCAYA
20250424,0405,2024,AREQUIPA,CAYLLOMA,20240126,0.55,-0.36,0.72,SABANCAYA
20250424,0405,2024,AREQUIPA,CAYLLOMA,20240127,0.5,-0.53,1.15,SABANCAYA
20250424,0405,2024,AREQUIPA,CAYLLOMA,20240128,0.4,-0.32,1.06,SABANCAYA
20250424,0405,2024,AREQUIPA,CAYLLOMA,20240129,0.3,-0.75,1.46,SABANCAYA
20250424,0405,2024,AREQUIPA,CAYLLOMA,20240130,-0.07,-0.78,1.56,SABANCAYA
20250424,0405,2024,AREQUIPA,CAYLLOMA,20240131,0.63,-0.32,1.06,SABANCAYA
20250424,0405,2024,AREQUIPA,CAYLLOMA,20240201,0.4,-0.19,0.41,SABANCAYA
20250424,0405,2024,AREQUIPA,CAYLLOMA,20240202,0.62,-0.51,1.7,SABANCAYA
20250424,0405,2024,AREQUIPA,CAYLLOMA,20240203,0.59,-0.21,0.76,SABANCAYA
20250424,0405,2024,AREQUIPA,CAYLLOMA,20240204,0.52,-0.51,1.46,SABANCAYA
20250424,0405,2024,AREQUIPA,CAYLLOMA,20240205,-0.44,-0.93,1.55,SABANCAYA
20250424,0405,2024,AREQUIPA,CAYLLOMA,20240206,-0.17,-0.95,1,SABANCAYA
20250424,0405,2024,AREQUIPA,CAYLLOMA,20240207,-0.2,-0.74,1.58,SABANCAYA
20250424,0405,2024,AREQUIPA,CAYLLOMA,20240208,0.56,-0.61,1.23,SABANCAYA
20250424,0405,2024,AREQUIPA,CAYLLOMA,20240209,0.73,-0.32,1.55,SABANCAYA
20250424,0405,2024,AREQUIPA,CAYLLOMA,20240210,-0.37,-1.04,2.25,SABANCAYA
20250424,0405,2024,AREQUIPA,CAYLLOMA,20240211,-0.45,-1.04,1.19,SABANCAYA
20250424,0405,2024,AREQUIPA,CAYLLOMA,20240212,0.77,-0.15,0.17,SABANCAYA
20250424,0405,2024,AREQUIPA,CAYLLOMA,20240213,0.18,-0.71,1.55,SABANCAYA
20250424,0405,2024,AREQUIPA,CAYLLOMA,20240214,0.34,-0.82,0.68,SABANCAYA
20250424,0405,2024,AREQUIPA,CAYLLOMA,20240215,0.46,-0.25,0.79,SABANCAYA
20250424,0405,2024,AREQUIPA,CAYLLOMA,20240216,0.39,-0.36,-0.29,SABANCAYA
20250424,0405,2024,AREQUIPA,CAYLLOMA,20240217,0.34,-0.37,0.3,SABANCAYA
20250424,0405,2024,AREQUIPA,CAYLLOMA,20240218,0.58,-0.16,0.09,SABANCAYA
20250424,0405,2024,AREQUIPA,CAYLLOMA,20240219,0.54,-0.33,0.97,SABANCAYA
20250424,0405,2024,AREQUIPA,CAYLLOMA,20240220,0.74,-0.38,1.66,SABANCAYA
20250424,0405,2024,AREQUIPA,CAYLLOMA,20240221,0.52,-0.4,0.48,SABANCAYA
20250424,0405,2024,AREQUIPA,CAYLLOMA,20240222,0.5,-0.49,1.52,SABANCAYA
20250424,0405,2024,AREQUIPA,CAYLLOMA,20240223,0.2,-0.58,1.11,SABANCAYA
20250424,0405,2024,AREQUIPA,CAYLLOMA,20240224,0.51,-0.33,0.13,SABANCAYA
20250424,0405,2024,AREQUIPA,CAYLLOMA,20240225,0.11,-0.34,-1.06,SABANCAYA
20250424,0405,2024,AREQUIPA,CAYLLOMA,20240226,0.31,-0.24,0.63,SABANCAYA
20250424,0405,2024,AREQUIPA,CAYLLOMA,20240227,0.62,-0.31,0.75,SABANCAYA
20250424,0405,2024,AREQUIPA,CAYLLOMA,20240228,0.56,-0.17,0.07,SABANCAYA
20250424,0405,2024,AREQUIPA,CAYLLOMA,20240229,-0.11,-0.43,1.13,SABANCAYA
20250424,0405,2024,AREQUIPA,CAYLLOMA,20240301,0.5,0,0.71,SABANCAYA
20250424,0405,2024,AREQUIPA,CAYLLOMA,20240302,0.62,-0.26,1.29,SABANCAYA
20250424,0405,2024,AREQUIPA,CAYLLOMA,20240303,0.46,-0.46,-0.36,SABANCAYA
20250424,0405,2024,AREQUIPA,CAYLLOMA,20240304,0.47,-0.43,0.73,SABANCAYA
20250424,0405,2024,AREQUIPA,CAYLLOMA,20240305,0.26,-0.25,0.35,SABANCAYA
20250424,0405,2024,AREQUIPA,CAYLLOMA,20240306,-0.11,-0.63,0.44,SABANCAYA
20250424,0405,2024,AREQUIPA,CAYLLOMA,20240307,0.31,-0.5,0.5,SABANCAYA
20250424,0405,2024,AREQUIPA,CAYLLOMA,20240308,0.23,-0.57,1.56,SABANCAYA
20250424,0405,2024,AREQUIPA,CAYLLOMA,20240309,0.52,-0.56,0.58,SABANCAYA
20250424,0405,2024,AREQUIPA,CAYLLOMA,20240310,0.45,-0.51,1.47,SABANCAYA
20250424,0405,2024,AREQUIPA,CAYLLOMA,20240311,0.19,-0.35,0.82,SABANCAYA
20250424,0405,2024,AREQUIPA,CAYLLOMA,20240312,0.44,-0.17,0.81,SABANCAYA
20250424,0405,2024,AREQUIPA,CAYLLOMA,20240313,0.44,-0.36,1.03,SABANCAYA
20250424,0405,2024,AREQUIPA,CAYLLOMA,20240314,0.34,-0.41,0.08,SABANCAYA
20250424,0405,2024,AREQUIPA,CAYLLOMA,20240315,0.25,-0.32,1.13,SABANCAYA
20250424,0405,2024,AREQUIPA,CAYLLOMA,20240316,0.01,-0.68,0.42,SABANCAYA
20250424,0405,2024,AREQUIPA,CAYLLOMA,20240317,0.08,-0.66,0.68,SABANCAYA
20250424,0405,2024,AREQUIPA,CAYLLOMA,20240318,0.15,-0.39,-0.01,SABANCAYA
20250424,0405,2024,AREQUIPA,CAYLLOMA,20240319,0.18,-0.52,0.5,SABANCAYA
20250424,0405,2024,AREQUIPA,CAYLLOMA,20240320,0.29,-0.64,1.09,SABANCAYA
20250424,0405,2024,AREQUIPA,CAYLLOMA,20240321,0.07,-0.39,1.31,SABANCAYA
20250424,0405,2024,AREQUIPA,CAYLLOMA,20240322,-0.14,-0.74,1.46,SABANCAYA
20250424,0405,2024,AREQUIPA,CAYLLOMA,20240323,0.5,-0.36,0.92,SABANCAYA
20250424,0405,2024,AREQUIPA,CAYLLOMA,20240324,0.38,-0.62,1.55,SABANCAYA
20250424,0405,2024,AREQUIPA,CAYLLOMA,20240325,0.81,-0.32,0.22,SABANCAYA
20250424,0405,2024,AREQUIPA,CAYLLOMA,20240326,-0.05,-0.63,0.77,SABANCAYA
20250424,0405,2024,AREQUIPA,CAYLLOMA,20240327,0.18,-0.58,0.84,SABANCAYA
20250424,0405,2024,AREQUIPA,CAYLLOMA,20240328,0.05,-0.33,0.44,SABANCAYA
20250424,0405,2024,AREQUIPA,CAYLLOMA,20240329,0.13,-0.37,0.6,SABANCAYA
20250424,0405,2024,AREQUIPA,CAYLLOMA,20240330,0.59,-0.53,0.8,SABANCAYA
20250424,0405,2024,AREQUIPA,CAYLLOMA,20240331,0.26,-0.48,1.44,SABANCAYA
20250424,0405,2024,AREQUIPA,CAYLLOMA,20240401,0.29,-0.45,1.49,SABANCAYA
20250424,0405,2024,AREQUIPA,CAYLLOMA,20240402,0.42,-0.53,1.47,SABANCAYA
20250424,0405,2024,AREQUIPA,CAYLLOMA,20240403,0.37,-0.29,1.42,SABANCAYA
20250424,0405,2024,AREQUIPA,CAYLLOMA,20240404,0.49,-0.31,0.17,SABANCAYA
20250424,0405,2024,AREQUIPA,CAYLLOMA,20240405,0.33,-0.32,0.26,SABANCAYA
20250424,0405,2024,AREQUIPA,CAYLLOMA,20240406,0.56,-0.49,0.87,SABANCAYA
20250424,0405,2024,AREQUIPA,CAYLLOMA,20240407,0.41,-0.6,1.45,SABANCAYA
20250424,0405,2024,AREQUIPA,CAYLLOMA,20240408,0.82,-0.38,1.5,SABANCAYA
20250424,0405,2024,AREQUIPA,CAYLLOMA,20240409,-0.21,-0.52,1.47,SABANCAYA
20250424,0405,2024,AREQUIPA,CAYLLOMA,20240410,0.36,-0.47,1.01,SABANCAYA
20250424,0405,2024,AREQUIPA,CAYLLOMA,20240411,0.35,-0.32,1.41,SABANCAYA
20250424,0405,2024,AREQUIPA,CAYLLOMA,20240412,0.55,-0.34,1.9,SABANCAYA
20250424,0405,2024,AREQUIPA,CAYLLOMA,20240413,0.66,-0.36,1.35,SABANCAYA
20250424,0405,2024,AREQUIPA,CAYLLOMA,20240414,0.61,-0.43,1.6,SABANCAYA
20250424,0405,2024,AREQUIPA,CAYLLOMA,20240415,0.56,-0.05,0.98,SABANCAYA
20250424,0405,2024,AREQUIPA,CAYLLOMA,20240416,0.25,-0.42,1.57,SABANCAYA
20250424,0405,2024,AREQUIPA,CAYLLOMA,20240417,0.57,-0.25,1.11,SABANCAYA
20250424,0405,2024,AREQUIPA,CAYLLOMA,20240418,0.02,-0.3,1.42,SABANCAYA
20250424,0405,2024,AREQUIPA,CAYLLOMA,20240419,0,-0.46,1.37,SABANCAYA
20250424,0405,2024,AREQUIPA,CAYLLOMA,20240420,0.67,-0.19,1.16,SABANCAYA
20250424,0405,2024,AREQUIPA,CAYLLOMA,20240421,0.9,-0.15,1.45,SABANCAYA
20250424,0405,2024,AREQUIPA,CAYLLOMA,20240422,0.89,-0.31,0.99,SABANCAYA
20250424,0405,2024,AREQUIPA,CAYLLOMA,20240423,0.22,-0.31,0.41,SABANCAYA
20250424,0405,2024,AREQUIPA,CAYLLOMA,20240424,0.84,-0.22,1.62,SABANCAYA
20250424,0405,2024,AREQUIPA,CAYLLOMA,20240425,0.56,-0.23,1.2,SABANCAYA
20250424,0405,2024,AREQUIPA,CAYLLOMA,20240426,0.55,-0.38,1.55,SABANCAYA
20250424,0405,2024,AREQUIPA,CAYLLOMA,20240427,0.7,-0.32,1.31,SABANCAYA
20250424,0405,2024,AREQUIPA,CAYLLOMA,20240428,0.45,-0.25,1.19,SABANCAYA
20250424,0405,2024,AREQUIPA,CAYLLOMA,20240429,0.36,-0.22,1.39,SABANCAYA
20250424,0405,2024,AREQUIPA,CAYLLOMA,20240430,0.6,-0.09,0.74,SABANCAYA
20250424,0405,2024,AREQUIPA,CAYLLOMA,20240501,0.23,-0.48,1.15,SABANCAYA
20250424,0405,2024,AREQUIPA,CAYLLOMA,20240502,-0.01,-0.31,1.38,SABANCAYA
20250424,0405,2024,AREQUIPA,CAYLLOMA,20240503,0.19,-0.55,1.63,SABANCAYA
20250424,0405,2024,AREQUIPA,CAYLLOMA,20240504,0.55,-0.39,1.74,SABANCAYA
20250424,0405,2024,AREQUIPA,CAYLLOMA,20240505,0.46,-0.23,1.93,SABANCAYA
20250424,0405,2024,AREQUIPA,CAYLLOMA,20240506,0.27,-0.62,2.03,SABANCAYA
20250424,0405,2024,AREQUIPA,CAYLLOMA,20240507,0.79,-0.19,1.34,SABANCAYA
20250424,0405,2024,AREQUIPA,CAYLLOMA,20240508,0.39,-0.33,1.09,SABANCAYA
20250424,0405,2024,AREQUIPA,CAYLLOMA,20240509,0.44,-0.25,1.09,SABANCAYA
20250424,0405,2024,AREQUIPA,CAYLLOMA,20240510,0.36,-0.27,1.53,SABANCAYA
20250424,0405,2024,AREQUIPA,CAYLLOMA,20240511,0.45,-0.33,1.81,SABANCAYA
20250424,0405,2024,AREQUIPA,CAYLLOMA,20240512,0.57,-0.29,1.9,SABANCAYA
20250424,0405,2024,AREQUIPA,CAYLLOMA,20240513,0.68,0.12,1.62,SABANCAYA
20250424,0405,2024,AREQUIPA,CAYLLOMA,20240514,0.12,-0.4,1.31,SABANCAYA
20250424,0405,2024,AREQUIPA,CAYLLOMA,20240515,0.71,-0.26,1.7,SABANCAYA
20250424,0405,2024,AREQUIPA,CAYLLOMA,20240516,0.8,-0.3,2,SABANCAYA
20250424,0405,2024,AREQUIPA,CAYLLOMA,20240517,0.54,-0.35,1.13,SABANCAYA
20250424,0405,2024,AREQUIPA,CAYLLOMA,20240518,0.65,0.06,1.53,SABANCAYA
20250424,0405,2024,AREQUIPA,CAYLLOMA,20240519,0.33,-0.01,0.92,SABANCAYA
20250424,0405,2024,AREQUIPA,CAYLLOMA,20240520,0.42,-0.22,1,SABANCAYA
20250424,0405,2024,AREQUIPA,CAYLLOMA,20240521,0.66,0.01,1.5,SABANCAYA
20250424,0405,2024,AREQUIPA,CAYLLOMA,20240522,0.5,0.04,1.11,SABANCAYA
20250424,0405,2024,AREQUIPA,CAYLLOMA,20240523,0.63,-0.09,1.58,SABANCAYA
20250424,0405,2024,AREQUIPA,CAYLLOMA,20240524,0.47,-0.07,1.31,SABANCAYA
20250424,0405,2024,AREQUIPA,CAYLLOMA,20240525,0.52,0.02,1.04,SABANCAYA
20250424,0405,2024,AREQUIPA,CAYLLOMA,20240526,0.78,-0.11,1.21,SABANCAYA
20250424,0405,2024,AREQUIPA,CAYLLOMA,20240527,0.75,-0.08,1.63,SABANCAYA
20250424,0405,2024,AREQUIPA,CAYLLOMA,20240528,0.59,-0.2,1.8,SABANCAYA
20250424,0405,2024,AREQUIPA,CAYLLOMA,20240529,0.61,-0.15,1.76,SABANCAYA
20250424,0405,2024,AREQUIPA,CAYLLOMA,20240530,0.83,-0.05,2,SABANCAYA
20250424,0405,2024,AREQUIPA,CAYLLOMA,20240531,0.7,0.01,1.84,SABANCAYA
20250424,0405,2024,AREQUIPA,CAYLLOMA,20240601,0.51,-0.03,1.54,SABANCAYA
20250424,0405,2024,AREQUIPA,CAYLLOMA,20240602,0.64,-0.04,2.06,SABANCAYA
20250424,0405,2024,AREQUIPA,CAYLLOMA,20240603,0.49,-0.22,1.64,SABANCAYA
20250424,0405,2024,AREQUIPA,CAYLLOMA,20240604,0.78,-0.22,1.67,SABANCAYA
20250424,0405,2024,AREQUIPA,CAYLLOMA,20240605,0.54,-0.16,1.47,SABANCAYA
20250424,0405,2024,AREQUIPA,CAYLLOMA,20240606,0.12,-0.36,1.56,SABANCAYA
20250424,0405,2024,AREQUIPA,CAYLLOMA,20240607,0.41,-0.18,1.7,SABANCAYA
20250424,0405,2024,AREQUIPA,CAYLLOMA,20240608,0.58,-0.28,1.77,SABANCAYA
20250424,0405,2024,AREQUIPA,CAYLLOMA,20240609,0.37,-0.37,1.73,SABANCAYA
20250424,0405,2024,AREQUIPA,CAYLLOMA,20240610,0.75,-0.19,1.93,SABANCAYA
20250424,0405,2024,AREQUIPA,CAYLLOMA,20240611,0.58,-0.14,1.85,SABANCAYA
20250424,0405,2024,AREQUIPA,CAYLLOMA,20240612,0.64,-0.18,1.89,SABANCAYA
20250424,0405,2024,AREQUIPA,CAYLLOMA,20240613,0.23,-0.27,1.82,SABANCAYA
20250424,0405,2024,AREQUIPA,CAYLLOMA,20240614,0.14,-0.51,1.84,SABANCAYA
20250424,0405,2024,AREQUIPA,CAYLLOMA,20240615,0.38,-0.44,1.92,SABANCAYA
20250424,0405,2024,AREQUIPA,CAYLLOMA,20240616,-0.07,-0.32,1.46,SABANCAYA
20250424,0405,2024,AREQUIPA,CAYLLOMA,20240617,0.13,-0.5,1.27,SABANCAYA
20250424,0405,2024,AREQUIPA,CAYLLOMA,20240618,0.8,-0.16,1.8,SABANCAYA
20250424,0405,2024,AREQUIPA,CAYLLOMA,20240619,0.18,-0.56,1.62,SABANCAYA
20250424,0405,2024,AREQUIPA,CAYLLOMA,20240620,0.14,-0.62,1.82,SABANCAYA
20250424,0405,2024,AREQUIPA,CAYLLOMA,20240621,0.32,-0.75,1.52,SABANCAYA
20250424,0405,2024,AREQUIPA,CAYLLOMA,20240622,0.56,-0.49,2.38,SABANCAYA
20250424,0405,2024,AREQUIPA,CAYLLOMA,20240623,0.4,-0.5,1.62,SABANCAYA
20250424,0405,2024,AREQUIPA,CAYLLOMA,20240624,0.49,-0.4,1.88,SABANCAYA
20250424,0405,2024,AREQUIPA,CAYLLOMA,20240625,0.53,-0.34,1.47,SABANCAYA
20250424,0405,2024,AREQUIPA,CAYLLOMA,20240626,0.24,-0.43,1.52,SABANCAYA
20250424,0405,2024,AREQUIPA,CAYLLOMA,20240627,0.34,-0.5,1.38,SABANCAYA
20250424,0405,2024,AREQUIPA,CAYLLOMA,20240628,0.31,-0.44,2.15,SABANCAYA
20250424,0405,2024,AREQUIPA,CAYLLOMA,20240629,0.16,-0.36,1.47,SABANCAYA
20250424,0405,2024,AREQUIPA,CAYLLOMA,20240630,0.37,-0.2,1.69,SABANCAYA
20250424,0405,2024,AREQUIPA,CAYLLOMA,20240701,0.38,-0.4,1.96,SABANCAYA
20250424,0405,2024,AREQUIPA,CAYLLOMA,20240702,0.37,-0.37,1.66,SABANCAYA
20250424,0405,2024,AREQUIPA,CAYLLOMA,20240703,0.14,-0.52,1.76,SABANCAYA
20250424,0405,2024,AREQUIPA,CAYLLOMA,20240704,0.34,-0.39,2.24,SABANCAYA
20250424,0405,2024,AREQUIPA,CAYLLOMA,20240705,0.13,-0.44,2.14,SABANCAYA
20250424,0405,2024,AREQUIPA,CAYLLOMA,20240706,0.21,-0.48,1.84,SABANCAYA
20250424,0405,2024,AREQUIPA,CAYLLOMA,20240707,0.36,-0.44,1.79,SABANCAYA
20250424,0405,2024,AREQUIPA,CAYLLOMA,20240708,0.48,-0.36,1.82,SABANCAYA
20250424,0405,2024,AREQUIPA,CAYLLOMA,20240709,0.48,-0.46,1.78,SABANCAYA
20250424,0405,2024,AREQUIPA,CAYLLOMA,20240710,0.41,-0.65,1.95,SABANCAYA
20250424,0405,2024,AREQUIPA,CAYLLOMA,20240711,0.29,-0.58,2.2,SABANCAYA
20250424,0405,2024,AREQUIPA,CAYLLOMA,20240712,0.46,-0.52,1.97,SABANCAYA
20250424,0405,2024,AREQUIPA,CAYLLOMA,20240713,0.4,-0.47,1.37,SABANCAYA
20250424,0405,2024,AREQUIPA,CAYLLOMA,20240714,0.52,-0.45,1.93,SABANCAYA
20250424,0405,2024,AREQUIPA,CAYLLOMA,20240715,0.37,-0.42,1.34,SABANCAYA
20250424,0405,2024,AREQUIPA,CAYLLOMA,20240716,0.18,-0.35,1.77,SABANCAYA
20250424,0405,2024,AREQUIPA,CAYLLOMA,20240717,0.48,-0.42,2.09,SABANCAYA
20250424,0405,2024,AREQUIPA,CAYLLOMA,20240718,0.33,-0.49,1.69,SABANCAYA
20250424,0405,2024,AREQUIPA,CAYLLOMA,20240719,0.32,-0.57,1.52,SABANCAYA
20250424,0405,2024,AREQUIPA,CAYLLOMA,20240720,0.38,-0.68,1.69,SABANCAYA
20250424,0405,2024,AREQUIPA,CAYLLOMA,20240721,0.36,-0.86,1.93,SABANCAYA
20250424,0405,2024,AREQUIPA,CAYLLOMA,20240722,0.3,-0.92,1.39,SABANCAYA
20250424,0405,2024,AREQUIPA,CAYLLOMA,20240723,0.19,-0.64,1.43,SABANCAYA
20250424,0405,2024,AREQUIPA,CAYLLOMA,20240724,0.34,-0.58,1.38,SABANCAYA
20250424,0405,2024,AREQUIPA,CAYLLOMA,20240725,0.65,-0.47,2.04,SABANCAYA
20250424,0405,2024,AREQUIPA,CAYLLOMA,20240726,0.22,-0.6,1.46,SABANCAYA
20250424,0405,2024,AREQUIPA,CAYLLOMA,20240727,0.18,-0.53,1.79,SABANCAYA
20250424,0405,2024,AREQUIPA,CAYLLOMA,20240728,0.09,-0.56,1.44,SABANCAYA
20250424,0405,2024,AREQUIPA,CAYLLOMA,20240729,0.33,-0.44,1.41,SABANCAYA
20250424,0405,2024,AREQUIPA,CAYLLOMA,20240730,0.02,-0.66,1.43,SABANCAYA
20250424,0405,2024,AREQUIPA,CAYLLOMA,20240731,0.05,-0.54,2.26,SABANCAYA
20250424,0405,2024,AREQUIPA,CAYLLOMA,20240801,0.09,-0.72,2.2,SABANCAYA
20250424,0405,2024,AREQUIPA,CAYLLOMA,20240802,0.08,-0.6,1.6,SABANCAYA
20250424,0405,2024,AREQUIPA,CAYLLOMA,20240803,0.26,-0.52,1.82,SABANCAYA
20250424,0405,2024,AREQUIPA,CAYLLOMA,20240804,0.21,-0.44,1.65,SABANCAYA
20250424,0405,2024,AREQUIPA,CAYLLOMA,20240805,0.3,-0.64,1.42,SABANCAYA
20250424,0405,2024,AREQUIPA,CAYLLOMA,20240806,0.16,-0.54,1.58,SABANCAYA
20250424,0405,2024,AREQUIPA,CAYLLOMA,20240807,0.23,-0.59,1.71,SABANCAYA
20250424,0405,2024,AREQUIPA,CAYLLOMA,20240808,0.12,-0.62,1.47,SABANCAYA
20250424,0405,2024,AREQUIPA,CAYLLOMA,20240809,0.31,-0.76,1.38,SABANCAYA
20250424,0405,2024,AREQUIPA,CAYLLOMA,20240810,0.17,-0.48,1.67,SABANCAYA
20250424,0405,2024,AREQUIPA,CAYLLOMA,20240811,0.38,-0.4,1.56,SABANCAYA
20250424,0405,2024,AREQUIPA,CAYLLOMA,20240812,0.12,-0.61,1.31,SABANCAYA
20250424,0405,2024,AREQUIPA,CAYLLOMA,20240813,0.14,-0.55,1.92,SABANCAYA
20250424,0405,2024,AREQUIPA,CAYLLOMA,20240814,0.02,-0.39,1.68,SABANCAYA
20250424,0405,2024,AREQUIPA,CAYLLOMA,20240815,0.07,-0.36,1.63,SABANCAYA
20250424,0405,2024,AREQUIPA,CAYLLOMA,20240816,0.08,-0.22,2.17,SABANCAYA
20250424,0405,2024,AREQUIPA,CAYLLOMA,20240817,0.18,-0.37,2.1,SABANCAYA
20250424,0405,2024,AREQUIPA,CAYLLOMA,20240818,0.27,-0.28,2.29,SABANCAYA
20250424,0405,2024,AREQUIPA,CAYLLOMA,20240819,0.24,-0.31,2.53,SABANCAYA
20250424,0405,2024,AREQUIPA,CAYLLOMA,20240820,0.06,-0.56,1.68,SABANCAYA
20250424,0405,2024,AREQUIPA,CAYLLOMA,20240821,0.11,-0.53,1.76,SABANCAYA
20250424,0405,2024,AREQUIPA,CAYLLOMA,20240822,0.22,-0.65,1.8,SABANCAYA
20250424,0405,2024,AREQUIPA,CAYLLOMA,20240823,0.14,-0.35,1.86,SABANCAYA
20250424,0405,2024,AREQUIPA,CAYLLOMA,20240824,0.14,-0.38,1.97,SABANCAYA
20250424,0405,2024,AREQUIPA,CAYLLOMA,20240825,0.07,-0.38,2.06,SABANCAYA
20250424,0405,2024,AREQUIPA,CAYLLOMA,20240826,0.17,-0.44,2.1,SABANCAYA
20250424,0405,2024,AREQUIPA,CAYLLOMA,20240827,0.15,-0.59,1.69,SABANCAYA
20250424,0405,2024,AREQUIPA,CAYLLOMA,20240828,0.21,-0.7,1.56,SABANCAYA
20250424,0405,2024,AREQUIPA,CAYLLOMA,20240829,0.1,-0.62,1.76,SABANCAYA
20250424,0405,2024,AREQUIPA,CAYLLOMA,20240830,0.12,-0.62,2.49,SABANCAYA
20250424,0405,2024,AREQUIPA,CAYLLOMA,20240831,0.33,-0.6,1.62,SABANCAYA
20250424,0405,2024,AREQUIPA,CAYLLOMA,20240901,0.3,-0.76,1.54,SABANCAYA
20250424,0405,2024,AREQUIPA,CAYLLOMA,20240902,0.06,-0.42,2.12,SABANCAYA
20250424,0405,2024,AREQUIPA,CAYLLOMA,20240903,0.08,-0.44,1.95,SABANCAYA
20250424,0405,2024,AREQUIPA,CAYLLOMA,20240904,0.15,-0.57,2.28,SABANCAYA
20250424,0405,2024,AREQUIPA,CAYLLOMA,20240905,0.25,-0.55,2.49,SABANCAYA
20250424,0405,2024,AREQUIPA,CAYLLOMA,20240906,0.23,-0.58,2.45,SABANCAYA
20250424,0405,2024,AREQUIPA,CAYLLOMA,20240907,0.1,-0.52,1.92,SABANCAYA
20250424,0405,2024,AREQUIPA,CAYLLOMA,20240908,0.11,-0.42,1.91,SABANCAYA
20250424,0405,2024,AREQUIPA,CAYLLOMA,20240909,0.05,-0.41,2.24,SABANCAYA
20250424,0405,2024,AREQUIPA,CAYLLOMA,20240910,0.24,-0.44,2,SABANCAYA
20250424,0405,2024,AREQUIPA,CAYLLOMA,20240911,0.15,-0.53,2.26,SABANCAYA
20250424,0405,2024,AREQUIPA,CAYLLOMA,20240912,0.03,-0.58,2.09,SABANCAYA
20250424,0405,2024,AREQUIPA,CAYLLOMA,20240913,0.11,-0.58,2.07,SABANCAYA
20250424,0405,2024,AREQUIPA,CAYLLOMA,20240914,0.14,-0.66,2,SABANCAYA
20250424,0405,2024,AREQUIPA,CAYLLOMA,20240915,-0.1,-0.45,2.29,SABANCAYA
20250424,0405,2024,AREQUIPA,CAYLLOMA,20240916,0.09,-0.35,2.16,SABANCAYA
20250424,0405,2024,AREQUIPA,CAYLLOMA,20240917,0.07,-0.59,1.92,SABANCAYA
20250424,0405,2024,AREQUIPA,CAYLLOMA,20240918,0.21,-0.26,2.4,SABANCAYA
20250424,0405,2024,AREQUIPA,CAYLLOMA,20240919,-0.06,-0.58,1.98,SABANCAYA
20250424,0405,2024,AREQUIPA,CAYLLOMA,20240920,0.12,-0.42,2.5,SABANCAYA
20250424,0405,2024,AREQUIPA,CAYLLOMA,20240921,0.15,-0.43,1.96,SABANCAYA
20250424,0405,2024,AREQUIPA,CAYLLOMA,20240922,0.12,-0.38,2.22,SABANCAYA
20250424,0405,2024,AREQUIPA,CAYLLOMA,20240923,0.43,-0.46,2.3,SABANCAYA
20250424,0405,2024,AREQUIPA,CAYLLOMA,20240924,0.12,-0.51,2.15,SABANCAYA
20250424,0405,2024,AREQUIPA,CAYLLOMA,20240926,0.32,-0.55,2.39,SABANCAYA
20250424,0405,2024,AREQUIPA,CAYLLOMA,20240927,0.17,-0.45,2.2,SABANCAYA
20250424,0405,2024,AREQUIPA,CAYLLOMA,20240928,0.1,-0.48,2.1,SABANCAYA
20250424,0405,2024,AREQUIPA,CAYLLOMA,20240929,0.05,-0.42,2.18,SABANCAYA
20250424,0405,2024,AREQUIPA,CAYLLOMA,20240930,-0.03,-0.49,2.16,SABANCAYA
20250424,0405,2024,AREQUIPA,CAYLLOMA,20241001,0.18,-0.52,2.67,SABANCAYA
20250424,0405,2024,AREQUIPA,CAYLLOMA,20241002,0.24,-0.38,2.4,SABANCAYA
20250424,0405,2024,AREQUIPA,CAYLLOMA,20241003,0.27,-0.43,2.1,SABANCAYA
20250424,0405,2024,AREQUIPA,CAYLLOMA,20241004,0.03,-0.51,1.62,SABANCAYA
20250424,0405,2024,AREQUIPA,CAYLLOMA,20241005,0.08,-0.37,2.35,SABANCAYA
20250424,0405,2024,AREQUIPA,CAYLLOMA,20241006,-0.13,-0.46,1.84,SABANCAYA
20250424,0405,2024,AREQUIPA,CAYLLOMA,20241007,0.25,-0.5,1.77,SABANCAYA
20250424,0405,2024,AREQUIPA,CAYLLOMA,20241008,-0.05,-0.63,2.17,SABANCAYA
20250424,0405,2024,AREQUIPA,CAYLLOMA,20241009,0.17,-0.31,2.27,SABANCAYA
20250424,0405,2024,AREQUIPA,CAYLLOMA,20241010,0.17,-0.59,2.14,SABANCAYA
20250424,0405,2024,AREQUIPA,CAYLLOMA,20241011,0.17,-0.42,2.39,SABANCAYA
20250424,0405,2024,AREQUIPA,CAYLLOMA,20241012,0.05,-0.56,2.22,SABANCAYA
20250424,0405,2024,AREQUIPA,CAYLLOMA,20241013,0.11,-0.57,2.28,SABANCAYA
20250424,0405,2024,AREQUIPA,CAYLLOMA,20241014,0.38,-0.4,2.18,SABANCAYA
20250424,0405,2024,AREQUIPA,CAYLLOMA,20241015,0.27,-0.62,2.66,SABANCAYA
20250424,0405,2024,AREQUIPA,CAYLLOMA,20241016,0.22,-0.45,2.13,SABANCAYA
20250424,0405,2024,AREQUIPA,CAYLLOMA,20241017,0.21,-0.57,2.83,SABANCAYA
20250424,0405,2024,AREQUIPA,CAYLLOMA,20241018,0.29,-0.5,2.53,SABANCAYA
20250424,0405,2024,AREQUIPA,CAYLLOMA,20241019,0.37,-0.61,3.05,SABANCAYA
20250424,0405,2024,AREQUIPA,CAYLLOMA,20241020,0.3,-0.51,2.8,SABANCAYA
20250424,0405,2024,AREQUIPA,CAYLLOMA,20241021,0.26,-0.56,2.59,SABANCAYA
20250424,0405,2024,AREQUIPA,CAYLLOMA,20241022,0.21,-0.51,2.72,SABANCAYA
20250424,0405,2024,AREQUIPA,CAYLLOMA,20241023,0.25,-0.52,2.87,SABANCAYA
20250424,0405,2024,AREQUIPA,CAYLLOMA,20241024,0.23,-0.67,2.8,SABANCAYA
20250424,0405,2024,AREQUIPA,CAYLLOMA,20241025,0.27,-0.5,2.93,SABANCAYA
20250424,0405,2024,AREQUIPA,CAYLLOMA,20241026,0.35,-0.56,2.86,SABANCAYA
20250424,0405,2024,AREQUIPA,CAYLLOMA,20241027,0.26,-0.52,2.67,SABANCAYA
20250424,0405,2024,AREQUIPA,CAYLLOMA,20241028,0.11,-0.55,2.42,SABANCAYA
20250424,0405,2024,AREQUIPA,CAYLLOMA,20241029,-0.05,-0.53,2.35,SABANCAYA
20250424,0405,2024,AREQUIPA,CAYLLOMA,20241030,0.36,-0.8,2.13,SABANCAYA
20250424,0405,2024,AREQUIPA,CAYLLOMA,20241031,0.26,-0.6,2.3,SABANCAYA
20250424,0405,2024,AREQUIPA,CAYLLOMA,20241101,0.2,-0.57,3.13,SABANCAYA
20250424,0405,2024,AREQUIPA,CAYLLOMA,20241102,0.23,-0.59,2.55,SABANCAYA
20250424,0405,2024,AREQUIPA,CAYLLOMA,20241103,0.24,-0.55,2.64,SABANCAYA
20250424,0405,2024,AREQUIPA,CAYLLOMA,20241104,0.19,-0.43,2.79,SABANCAYA
20250424,0405,2024,AREQUIPA,CAYLLOMA,20241105,0.25,-0.49,3.14,SABANCAYA
20250424,0405,2024,AREQUIPA,CAYLLOMA,20241106,0.27,-0.44,2.21,SABANCAYA
20250424,0405,2024,AREQUIPA,CAYLLOMA,20241107,0.23,-0.74,2.62,SABANCAYA
20250424,0405,2024,AREQUIPA,CAYLLOMA,20241108,0.22,-0.61,2.57,SABANCAYA
20250424,0405,2024,AREQUIPA,CAYLLOMA,20241109,0.48,-0.72,3.02,SABANCAYA
20250424,0405,2024,AREQUIPA,CAYLLOMA,20241110,0.13,-0.53,2.9,SABANCAYA
20250424,0405,2024,AREQUIPA,CAYLLOMA,20241111,0.27,-0.57,2.49,SABANCAYA
20250424,0405,2024,AREQUIPA,CAYLLOMA,20241112,0.33,-0.58,2.58,SABANCAYA
20250424,0405,2024,AREQUIPA,CAYLLOMA,20241113,0.43,-0.66,2.55,SABANCAYA
20250424,0405,2024,AREQUIPA,CAYLLOMA,20241114,0.41,-0.83,2.37,SABANCAYA
20250424,0405,2024,AREQUIPA,CAYLLOMA,20241115,0.27,-0.68,2.4,SABANCAYA
20250424,0405,2024,AREQUIPA,CAYLLOMA,20241116,0.35,-0.59,2.71,SABANCAYA
20250424,0405,2024,AREQUIPA,CAYLLOMA,20241117,0.32,-0.69,2.79,SABANCAYA
20250424,0405,2024,AREQUIPA,CAYLLOMA,20241118,0.37,-0.67,2.56,SABANCAYA
20250424,0405,2024,AREQUIPA,CAYLLOMA,20241119,0.3,-0.64,2.54,SABANCAYA
20250424,0405,2024,AREQUIPA,CAYLLOMA,20241120,0.48,-0.73,2.45,SABANCAYA
20250424,0405,2024,AREQUIPA,CAYLLOMA,20241121,0.35,-0.65,2.57,SABANCAYA
20250424,0405,2024,AREQUIPA,CAYLLOMA,20241122,0.35,-0.46,1.88,SABANCAYA
20250424,0405,2024,AREQUIPA,CAYLLOMA,20241123,0.45,-0.42,2.32,SABANCAYA
20250424,0405,2024,AREQUIPA,CAYLLOMA,20241124,0.37,-0.28,2.14,SABANCAYA
20250424,0405,2024,AREQUIPA,CAYLLOMA,20241125,0.29,-0.21,1.73,SABANCAYA
20250424,0405,2024,AREQUIPA,CAYLLOMA,20241126,0.44,-0.55,2.6,SABANCAYA
20250424,0405,2024,AREQUIPA,CAYLLOMA,20241127,0.45,-0.67,2.24,SABANCAYA
20250424,0405,2024,AREQUIPA,CAYLLOMA,20241128,0.21,-0.6,2.66,SABANCAYA
20250424,0405,2024,AREQUIPA,CAYLLOMA,20241129,0.16,-0.49,2.41,SABANCAYA
20250424,0405,2024,AREQUIPA,CAYLLOMA,20241130,0.27,-0.59,1.98,SABANCAYA
20250424,0405,2024,AREQUIPA,CAYLLOMA,20241201,0.32,-0.68,2.13,SABANCAYA
20250424,0405,2024,AREQUIPA,CAYLLOMA,20241202,0.25,-0.47,2.83,SABANCAYA
20250424,0405,2024,AREQUIPA,CAYLLOMA,20241203,0.52,-0.6,2.47,SABANCAYA
20250424,0405,2024,AREQUIPA,CAYLLOMA,20241204,0.37,-0.5,2.84,SABANCAYA
20250424,0405,2024,AREQUIPA,CAYLLOMA,20241205,0.3,-0.17,2.69,SABANCAYA
20250424,0405,2024,AREQUIPA,CAYLLOMA,20241206,0.28,-0.42,1.78,SABANCAYA
20250424,0405,2024,AREQUIPA,CAYLLOMA,20241207,0.29,-0.57,2.47,SABANCAYA
20250424,0405,2024,AREQUIPA,CAYLLOMA,20241208,0.47,-0.72,2.59,SABANCAYA
20250424,0405,2024,AREQUIPA,CAYLLOMA,20241209,0.42,-0.39,2.41,SABANCAYA
20250424,0405,2024,AREQUIPA,CAYLLOMA,20241212,0.45,-0.48,3.62,SABANCAYA
20250424,0405,2024,AREQUIPA,CAYLLOMA,20241213,0.32,-0.48,2.46,SABANCAYA
20250424,0405,2024,AREQUIPA,CAYLLOMA,20241214,0.4,-0.41,2.93,SABANCAYA
20250424,0405,2024,AREQUIPA,CAYLLOMA,20241215,0.21,-0.4,3.06,SABANCAYA
20250424,0405,2024,AREQUIPA,CAYLLOMA,20241216,0.49,-0.61,3.48,SABANCAYA
20250424,0405,2024,AREQUIPA,CAYLLOMA,20241217,0.42,-0.55,3.13,SABANCAYA
20250424,0405,2024,AREQUIPA,CAYLLOMA,20241218,0.26,-0.37,2.33,SABANCAYA
20250424,0405,2024,AREQUIPA,CAYLLOMA,20241219,0.44,-0.37,2.74,SABANCAYA
20250424,0405,2024,AREQUIPA,CAYLLOMA,20241220,0.33,-0.35,2.73,SABANCAYA
20250424,0405,2024,AREQUIPA,CAYLLOMA,20241221,0.36,-0.55,2.95,SABANCAYA
20250424,0405,2024,AREQUIPA,CAYLLOMA,20241222,0.52,-0.46,3.19,SABANCAYA
20250424,0405,2024,AREQUIPA,CAYLLOMA,20241223,0.33,-0.46,2.91,SABANCAYA
20250424,0405,2024,AREQUIPA,CAYLLOMA,20241224,0.46,-0.35,2.96,SABANCAYA
20250424,0405,2024,AREQUIPA,CAYLLOMA,20241225,0.12,-0.41,2.5,SABANCAYA
20250424,0405,2024,AREQUIPA,CAYLLOMA,20241226,0.53,-0.51,3.59,SABANCAYA
20250424,0405,2024,AREQUIPA,CAYLLOMA,20241227,0.33,-0.3,2.66,SABANCAYA
20250424,0405,2024,AREQUIPA,CAYLLOMA,20241228,0.44,-0.49,2.77,SABANCAYA
20250424,0405,2024,AREQUIPA,CAYLLOMA,20241229,0.5,-0.44,3.07,SABANCAYA
20250424,0405,2024,AREQUIPA,CAYLLOMA,20241230,0.54,-0.34,3.49,SABANCAYA
20250424,0405,2024,AREQUIPA,CAYLLOMA,20241231,0.51,-0.5,2.64,SABANCAYA
20250424,0405,2025,AREQUIPA,CAYLLOMA,20250101,0.51,-0.41,2.22,SABANCAYA
20250424,0405,2025,AREQUIPA,CAYLLOMA,20250102,0.44,-0.53,2.47,SABANCAYA
20250424,0405,2025,AREQUIPA,CAYLLOMA,20250103,0.53,-0.31,2.15,SABANCAYA
20250424,0405,2025,AREQUIPA,CAYLLOMA,20250104,0.43,-0.42,2.28,SABANCAYA
20250424,0405,2025,AREQUIPA,CAYLLOMA,20250105,0.34,-0.31,2.37,SABANCAYA
20250424,0405,2025,AREQUIPA,CAYLLOMA,20250106,0.43,-0.48,2.56,SABANCAYA
20250424,0405,2025,AREQUIPA,CAYLLOMA,20250107,0.23,-0.63,1.71,SABANCAYA
20250424,0405,2025,AREQUIPA,CAYLLOMA,20250108,0.53,-0.63,2.9,SABANCAYA
20250424,0405,2025,AREQUIPA,CAYLLOMA,20250109,0.36,-0.62,2.46,SABANCAYA
20250424,0405,2025,AREQUIPA,CAYLLOMA,20250110,0.34,-0.55,2.64,SABANCAYA
20250424,0405,2025,AREQUIPA,CAYLLOMA,20250111,0.14,-0.55,3.19,SABANCAYA
20250424,0405,2025,AREQUIPA,CAYLLOMA,20250112,0.48,-0.63,3.43,SABANCAYA
20250424,0405,2025,AREQUIPA,CAYLLOMA,20250113,0.67,-0.46,3.06,SABANCAYA
20250424,0405,2025,AREQUIPA,CAYLLOMA,20250114,0.65,-0.58,3.42,SABANCAYA
20250424,0405,2025,AREQUIPA,CAYLLOMA,20250115,0.25,-0.59,3.43,SABANCAYA
20250424,0405,2025,AREQUIPA,CAYLLOMA,20250116,0.46,-0.72,3.44,SABANCAYA
20250424,0405,2025,AREQUIPA,CAYLLOMA,20250117,0.36,-0.49,2.59,SABANCAYA
20250424,0405,2025,AREQUIPA,CAYLLOMA,20250118,0.66,-0.43,3.07,SABANCAYA
20250424,0405,2025,AREQUIPA,CAYLLOMA,20250119,0.41,-0.54,3.19,SABANCAYA
20250424,0405,2025,AREQUIPA,CAYLLOMA,20250120,0.28,-0.6,2.11,SABANCAYA
20250424,0405,2025,AREQUIPA,CAYLLOMA,20250121,0.5,-0.61,2.47,SABANCAYA
20250424,0405,2025,AREQUIPA,CAYLLOMA,20250122,0.49,-0.61,2.56,SABANCAYA
20250424,0405,2025,AREQUIPA,CAYLLOMA,20250123,0.46,-0.55,2.45,SABANCAYA
20250424,0405,2025,AREQUIPA,CAYLLOMA,20250124,0.61,-0.4,1.77,SABANCAYA
20250424,0405,2025,AREQUIPA,CAYLLOMA,20250125,0.55,-0.28,1.89,SABANCAYA
20250424,0405,2025,AREQUIPA,CAYLLOMA,20250126,0.49,-0.42,1.97,SABANCAYA
20250424,0405,2025,AREQUIPA,CAYLLOMA,20250127,0.58,-0.34,2.3,SABANCAYA
20250424,0405,2025,AREQUIPA,CAYLLOMA,20250128,0.66,-0.35,2.14,SABANCAYA
20250424,0405,2025,AREQUIPA,CAYLLOMA,20250129,0.6,-0.48,2.02,SABANCAYA
20250424,0405,2025,AREQUIPA,CAYLLOMA,20250130,0.51,-0.52,1.97,SABANCAYA
20250424,0405,2025,AREQUIPA,CAYLLOMA,20250131,0.61,-0.39,1.44,SABANCAYA
20250424,0405,2025,AREQUIPA,CAYLLOMA,20250201,0.66,-0.55,2.15,SABANCAYA
20250424,0405,2025,AREQUIPA,CAYLLOMA,20250202,0.53,-0.61,3.07,SABANCAYA
20250424,0405,2025,AREQUIPA,CAYLLOMA,20250203,0.5,-0.71,2.5,SABANCAYA
20250424,0405,2025,AREQUIPA,CAYLLOMA,20250204,0.58,-0.64,2.74,SABANCAYA
20250424,0405,2025,AREQUIPA,CAYLLOMA,20250205,0.4,-0.56,3.05,SABANCAYA
20250424,0405,2025,AREQUIPA,CAYLLOMA,20250206,0.53,-0.54,2.9,SABANCAYA
20250424,0405,2025,AREQUIPA,CAYLLOMA,20250207,0.65,-0.31,2.66,SABANCAYA
20250424,0405,2025,AREQUIPA,CAYLLOMA,20250208,0.65,-0.28,1.83,SABANCAYA
20250424,0405,2025,AREQUIPA,CAYLLOMA,20250209,0.49,-0.27,1.52,SABANCAYA
20250424,0405,2025,AREQUIPA,CAYLLOMA,20250210,0.4,-0.07,1.8,SABANCAYA
20250424,0405,2025,AREQUIPA,CAYLLOMA,20250211,0.45,-0.31,1.65,SABANCAYA
20250424,0405,2025,AREQUIPA,CAYLLOMA,20250212,0.57,-0.38,2.51,SABANCAYA
20250424,0405,2025,AREQUIPA,CAYLLOMA,20250213,0.4,-0.26,1.53,SABANCAYA
20250424,0405,2025,AREQUIPA,CAYLLOMA,20250214,0.42,-0.34,1.71,SABANCAYA
20250424,0405,2025,AREQUIPA,CAYLLOMA,20250215,0.62,-0.41,2.34,SABANCAYA
20250424,0405,2025,AREQUIPA,CAYLLOMA,20250216,0.47,-0.51,2.2,SABANCAYA
20250424,0405,2025,AREQUIPA,CAYLLOMA,20250217,0.66,-0.37,2.91,SABANCAYA
20250424,0405,2025,AREQUIPA,CAYLLOMA,20250218,0.69,-0.37,2.11,SABANCAYA
20250424,0405,2025,AREQUIPA,CAYLLOMA,20250219,0.55,-0.29,2.22,SABANCAYA
20250424,0405,2025,AREQUIPA,CAYLLOMA,20250220,0.74,-0.6,2.48,SABANCAYA
20250424,0405,2025,AREQUIPA,CAYLLOMA,20250221,0.52,-0.43,1.29,SABANCAYA
20250424,0405,2025,AREQUIPA,CAYLLOMA,20250222,0.55,-0.42,1.4,SABANCAYA
20250424,0405,2025,AREQUIPA,CAYLLOMA,20250223,0.56,-0.22,2.12,SABANCAYA
20250424,0405,2025,AREQUIPA,CAYLLOMA,20250224,0.68,-0.36,2.39,SABANCAYA
20250424,0405,2025,AREQUIPA,CAYLLOMA,20250225,0.67,-0.37,2.21,SABANCAYA
20250424,0405,2025,AREQUIPA,CAYLLOMA,20250226,0.84,-0.37,2.67,SABANCAYA
20250424,0405,2025,AREQUIPA,CAYLLOMA,20250227,0.61,-0.45,2.76,SABANCAYA
20250424,0405,2025,AREQUIPA,CAYLLOMA,20250228,0.51,-0.53,2.06,SABANCAYA
20250424,0405,2025,AREQUIPA,CAYLLOMA,20250301,0.73,-0.49,2.53,SABANCAYA
20250424,0405,2025,AREQUIPA,CAYLLOMA,20250302,0.61,-0.32,1.25,SABANCAYA
20250424,0405,2025,AREQUIPA,CAYLLOMA,20250303,0.67,-0.35,1.8,SABANCAYA
20250424,0405,2025,AREQUIPA,CAYLLOMA,20250304,0.65,-0.27,2.18,SABANCAYA
20250424,0405,2025,AREQUIPA,CAYLLOMA,20250305,0.43,-0.45,1.89,SABANCAYA
20250424,0405,2025,AREQUIPA,CAYLLOMA,20250306,0.43,-0.26,1.56,SABANCAYA
20250424,0405,2025,AREQUIPA,CAYLLOMA,20250307,0.55,-0.32,1.33,SABANCAYA
20250424,0405,2025,AREQUIPA,CAYLLOMA,20250308,0.5,-0.4,1.11,SABANCAYA
20250424,0405,2025,AREQUIPA,CAYLLOMA,20250309,0.34,-0.41,1.1,SABANCAYA
20250424,0405,2025,AREQUIPA,CAYLLOMA,20250310,0.55,-0.52,1.5,SABANCAYA
20250424,0405,2025,AREQUIPA,CAYLLOMA,20250312,0.65,-0.44,1.79,SABANCAYA
20250424,0405,2025,AREQUIPA,CAYLLOMA,20250313,0.63,-0.5,2.07,SABANCAYA
20250424,0405,2025,AREQUIPA,CAYLLOMA,20250314,0.85,-0.35,1.35,SABANCAYA
20250424,0405,2025,AREQUIPA,CAYLLOMA,20250315,0.39,-0.45,1.39,SABANCAYA
